batch_code,question_id,exam,year,cycle,paper,q_num,question,opt_a,opt_b,opt_c,opt_d,source_key_opt,key_authority,key_source_url,source_url,source_answer_raw,source_version,content_hash
CDS_2021_II_GK,CDS_2021_II_GK_001,CDS,2021,II,General Knowledge,1,Where should an object be placed in front of a convex lens to get a real and enlarged image of the object ?,( a ) At twice the focal length,( b ) At infinity,( c ) Between the principal focus and twice the focal length,( d ) Beyond twice the focal length,C,TRUSTED_SECONDARY,https://www.unlockias.in/cds-2021-ii-general-knowledge,https://www.unlockias.in/cds-2021-ii-general-knowledge/q1-object-placed-front-convex-lens-get-real,C,UnlockIAS_2026-10-08,6dad7dceceec924a7bc1c1a5449f28b4276c0125dfed46164a7268ec69e0db1f
CDS_2021_II_GK,CDS_2021_II_GK_002,CDS,2021,II,General Knowledge,2,The magnetic field lines inside a current carrying long solenoid are in the form of,( a ) ellipse.,( b ) parabola.,( c ) hyperbola.,( d ) parallel straight lines.,D,TRUSTED_SECONDARY,https://www.unlockias.in/cds-2021-ii-general-knowledge,https://www.unlockias.in/cds-2021-ii-general-knowledge/q2-magnetic-field-lines-inside-current-carrying-long,D,UnlockIAS_2026-10-08,909848eca57e7afd66a021bd5bcc486f5ad64e60f45258738ffdf20aba68ec44
CDS_2021_II_GK,CDS_2021_II_GK_003,CDS,2021,II,General Knowledge,3,A ray of light travelling from a rarer medium to a denser medium,( a ) slows down and bends away from the normal.,( b ) slows down and bends towards the normal.,( c ) speeds up and bends away from the normal.,( d ) speeds up and bends towards the normal.,B,TRUSTED_SECONDARY,https://www.unlockias.in/cds-2021-ii-general-knowledge,https://www.unlockias.in/cds-2021-ii-general-knowledge/q3-ray-light-travelling-rarer-medium-denser-medium,B,UnlockIAS_2026-10-08,18dc10c8e19fe30c4a4efd4db04e8b1294e23463ef873b0a183b515ca4100190
CDS_2021_II_GK,CDS_2021_II_GK_004,CDS,2021,II,General Knowledge,4,"An electric circuit is consisting of a cell, an ammeter and a nichrome wire of length l. If the length of the wire is reduced to half (l/2), then the ammeter reading",( a ) decreases to one-half.,( b ) gets doubled.,( c ) decreases to one-third.,( d ) remains unchanged.,B,TRUSTED_SECONDARY,https://www.unlockias.in/cds-2021-ii-general-knowledge,https://www.unlockias.in/cds-2021-ii-general-knowledge/q4-electric-circuit-consisting-cell-ammeter-nichrome-wire,B,UnlockIAS_2026-10-08,772c652fe5b00f4dd10d3d77948350ec266faeddef6082e71fdd7ccc7dcad9c9
CDS_2021_II_GK,CDS_2021_II_GK_005,CDS,2021,II,General Knowledge,5,What is the effect of pressure of a human body on sand ?,( a ) Larger while standing than while lying,( b ) Smaller while standing than while lying,( c ) Same while standing or lying,( d ) Larger while standing during the daytime and smaller during the night time while lying,A,TRUSTED_SECONDARY,https://www.unlockias.in/cds-2021-ii-general-knowledge,https://www.unlockias.in/cds-2021-ii-general-knowledge/q5-effect-pressure-human-body-sand,A,UnlockIAS_2026-10-08,1c3b6119da532b3cc6ea15667b766181c1432193207ed947cfaa9a9ad286f237
CDS_2021_II_GK,CDS_2021_II_GK_006,CDS,2021,II,General Knowledge,6,"An athlete completes one round of a circular track of diameter 100 m in 20 s. What will be the displacements after 1 minute and 10 s, respectively ?","( a ) 0 m, 50 m","( b ) 300 m, 100 m","( c ) 300 m, 50 m","( d ) 0 m, 100 m",D,TRUSTED_SECONDARY,https://www.unlockias.in/cds-2021-ii-general-knowledge,https://www.unlockias.in/cds-2021-ii-general-knowledge/q6-athlete-completes-one-round-circular-track-diameter,D,UnlockIAS_2026-10-08,486a3a8b26e4816c0614f7666dd665a770a8250a80413e8ffacfba17b2dc6cf8
CDS_2021_II_GK,CDS_2021_II_GK_007,CDS,2021,II,General Knowledge,7,Which of the following statements about universal indicator is/are true ? 1. It is a mixture of several indicators. 2. It shows different colours at different concentrations of hydrogen ions in solution. 3. It helps to determine the strength of given acid and base in titration. Select the correct answer using the code given below :,( a ) 1 only,( b ) 1 and 2 only,( c ) 2 and 3 only,"( d ) 1, 2 and 3",D,TRUSTED_SECONDARY,https://www.unlockias.in/cds-2021-ii-general-knowledge,https://www.unlockias.in/cds-2021-ii-general-knowledge/q7-statements-about-universal-indicator-true-mixture-several,D,UnlockIAS_2026-10-08,30ae76de7a5ec6a072320906540ac4617eb4979d7f756905f92bf80144137b68
CDS_2021_II_GK,CDS_2021_II_GK_008,CDS,2021,II,General Knowledge,8,Which of the following carbon allotropes is/are good conductor(s) of electricity? 1. Diamond 2. Graphite 3. Fullerene Select the correct answer using the code given below:,( a ) 1 only,( b ) 1 and 2 only,( c ) 2 only,( d ) 1 and 3 only,C,TRUSTED_SECONDARY,https://www.unlockias.in/cds-2021-ii-general-knowledge,https://www.unlockias.in/cds-2021-ii-general-knowledge/q8-carbon-allotropes-good-conductor-electricity-diamond-graphite,C,UnlockIAS_2026-10-08,09277f71d3225ac42f90fc925afcce704d1a13717c1e3f1ad1c7b2f98638e9f3
CDS_2021_II_GK,CDS_2021_II_GK_009,CDS,2021,II,General Knowledge,9,What is the approximate percentage of carbon in the Earth's crust?,( a ) 0.045%,( b ) 0.025%,( c ) 0.015%,( d ) 0.005%,B,TRUSTED_SECONDARY,https://www.unlockias.in/cds-2021-ii-general-knowledge,https://www.unlockias.in/cds-2021-ii-general-knowledge/q9-approximate-percentage-carbon-earth-crust,B,UnlockIAS_2026-10-08,6d02486b51975c835dd7f67efe71f02ab980fd08d0faf35c2720b2c84e85ea60
CDS_2021_II_GK,CDS_2021_II_GK_010,CDS,2021,II,General Knowledge,10,"When copper reacts with moist carbon dioxide (CO₂) in air, it forms a green coating of which one of the following compounds?",( a ) Cupric carbonate,( b ) Cuprous oxide,( c ) Cupric oxide,( d ) Copper sulphate,A,TRUSTED_SECONDARY,https://www.unlockias.in/cds-2021-ii-general-knowledge,https://www.unlockias.in/cds-2021-ii-general-knowledge/q10-copper-reacts-moist-carbon-dioxide-air-forms,A,UnlockIAS_2026-10-08,6ad004d353e643dc4aa592082e575113d1c77cd1b3ac3b6a3b9c7b944f9799db
CDS_2021_II_GK,CDS_2021_II_GK_011,CDS,2021,II,General Knowledge,11,What is the name of the process that converts sulphide ores into oxides by heating strongly in the presence of excess air?,( a ) Calcination,( b ) Roasting,( c ) Smelting,( d ) Incineration,B,TRUSTED_SECONDARY,https://www.unlockias.in/cds-2021-ii-general-knowledge,https://www.unlockias.in/cds-2021-ii-general-knowledge/q11-name-process-converts-sulphide-ores-oxides-heating,B,UnlockIAS_2026-10-08,ad6f91ced2f7342809af88d9b8dae7d6edeb4a4240e92dd9465fa498da41e247
CDS_2021_II_GK,CDS_2021_II_GK_012,CDS,2021,II,General Knowledge,12,What are the constituents of alloy solder?,( a ) Pb and Zn,( b ) Pb and Sn,( c ) Pb and Si,( d ) Pb and Co,B,TRUSTED_SECONDARY,https://www.unlockias.in/cds-2021-ii-general-knowledge,https://www.unlockias.in/cds-2021-ii-general-knowledge/q12-constituents-alloy-solder,B,UnlockIAS_2026-10-08,fc802ff44a8fc63694f7691c298e916d64347a0f5fc119a0c24739d3d9b05cfa
CDS_2021_II_GK,CDS_2021_II_GK_013,CDS,2021,II,General Knowledge,13,Which of the following limits the number of trophic levels in a food chain?,( a ) Deficient food supply,( b ) Polluted air,( c ) Decrease in the available energy at higher trophic levels,( d ) Parasitic organisms,C,TRUSTED_SECONDARY,https://www.unlockias.in/cds-2021-ii-general-knowledge,https://www.unlockias.in/cds-2021-ii-general-knowledge/q13-limits-number-trophic-levels-food-chain,C,UnlockIAS_2026-10-08,5c0f3e362b331c873b79773a7b43ef8d773d4c29e18d98162dcc844d7b1d0043
CDS_2021_II_GK,CDS_2021_II_GK_014,CDS,2021,II,General Knowledge,14,"In pea, a pure tall plant (TT) is crossed with a short plant (tt). What will be the ratio of pure tall plants to short plants in the F₂ generation?",( a ) 1 : 1,( b ) 1 : 3,( c ) 3 : 1,( d ) 2 : 1,A,TRUSTED_SECONDARY,https://www.unlockias.in/cds-2021-ii-general-knowledge,https://www.unlockias.in/cds-2021-ii-general-knowledge/q14-pea-pure-tall-plant-crossed-short-plant,A,UnlockIAS_2026-10-08,3de3f5711604bda0605789a6aa5409f93f93c78f890c8e665c333df566c4392d
CDS_2021_II_GK,CDS_2021_II_GK_015,CDS,2021,II,General Knowledge,15,Which one of the following statements about variations is not true?,( a ) Variation is minimum in asexual reproduction.,( b ) All variations in a species have equal chances of survival.,( c ) Changes in genetic constitution result in variation.,( d ) Variants can be selected by environmental factors.,B,TRUSTED_SECONDARY,https://www.unlockias.in/cds-2021-ii-general-knowledge,https://www.unlockias.in/cds-2021-ii-general-knowledge/q15-one-statements-about-variations-true,B,UnlockIAS_2026-10-08,0c0c647ec67a87ad2a7293afaebb3524837cdac4e29b9c30d9c652d54387888a
CDS_2021_II_GK,CDS_2021_II_GK_016,CDS,2021,II,General Knowledge,16,"While studying vegetation of an area, terms like 'population' and 'community' are often used. Which one of the following statements best describes a population?","( a ) A group of organisms of one species, living in the same area at the same time.",( b ) A group of organisms of one species living in different areas during different seasons.,( c ) A unit consisting of biotic and abiotic components.,"( d ) A group of organisms of more than one species, living in the same area at the same time.",A,TRUSTED_SECONDARY,https://www.unlockias.in/cds-2021-ii-general-knowledge,https://www.unlockias.in/cds-2021-ii-general-knowledge/q16-while-studying-vegetation-area-terms-like-population,A,UnlockIAS_2026-10-08,b4ef041dfda50143d55bfa34105940dcc5b42883ccbbd02b96eced1f45a1410c
CDS_2021_II_GK,CDS_2021_II_GK_017,CDS,2021,II,General Knowledge,17,"In the human body, blood flows through a process of double circulation. Which one of the following statements is true in this regard?",( a ) Oxygenated blood reaches the left side of the heart from the lungs.,( b ) Blood in the left side of the heart is poor in oxygen and is brought to the right side of the heart.,( c ) Deoxygenated blood from the left side of the heart is brought to the lungs for oxygenation.,( d ) Oxygenated blood from the right side of the heart is sent around the body.,A,TRUSTED_SECONDARY,https://www.unlockias.in/cds-2021-ii-general-knowledge,https://www.unlockias.in/cds-2021-ii-general-knowledge/q17-human-body-blood-flows-through-process-double,A,UnlockIAS_2026-10-08,eb1684efe1dc4554b224319a46512a0095ef33ec6faf4f724346bd0b57c18120
CDS_2021_II_GK,CDS_2021_II_GK_018,CDS,2021,II,General Knowledge,18,"In which of the following groups of organisms, is food material broken down outside the body and absorbed?","( a ) Yeast, mushroom, bread mould","( b ) Mushroom, Amoeba, green plants","( c ) Caserta, tapeworm, lice","( d ) Paramecium, Amoeba, Caserta",A,TRUSTED_SECONDARY,https://www.unlockias.in/cds-2021-ii-general-knowledge,https://www.unlockias.in/cds-2021-ii-general-knowledge/q18-groups-organisms-food-material-broken-down-outside,A,UnlockIAS_2026-10-08,d8428f2a133fa5245a20c9a00e4c1c4a30f97b638ec31963fed8316e86439e4f
CDS_2021_II_GK,CDS_2021_II_GK_019,CDS,2021,II,General Knowledge,19,A sound wave has a frequency of 4 kHz and wavelength 30 cm. How long will it take to travel 2·4 km?,( a ) 2·0 s,( b ) 0·6 s,( c ) 1·0 s,( d ) 8·0 s,A,TRUSTED_SECONDARY,https://www.unlockias.in/cds-2021-ii-general-knowledge,https://www.unlockias.in/cds-2021-ii-general-knowledge/q19-sound-wave-frequency-khz-wavelength-long-take,A,UnlockIAS_2026-10-08,c00c4e5da8362031968cfe76b51c6d5d6d9304ca3ffdfc7f8dfe792de43e0a31
CDS_2021_II_GK,CDS_2021_II_GK_020,CDS,2021,II,General Knowledge,20,An electric bulb is connected to a 110 V generator. The current is 0·2 A. What is the power of the bulb?,( a ) 0·22 W,( b ) 2·2 W,( c ) 22 W,( d ) 220 W,C,TRUSTED_SECONDARY,https://www.unlockias.in/cds-2021-ii-general-knowledge,https://www.unlockias.in/cds-2021-ii-general-knowledge/q20-electric-bulb-connected-110-generator-current-power,C,UnlockIAS_2026-10-08,7c3055c3152d0f56290f445a8702eea4fb0a509e0c976f1fe0f84a4866c0b785
CDS_2021_II_GK,CDS_2021_II_GK_021,CDS,2021,II,General Knowledge,21,"Refraction of light, as it enters from one transparent medium to another, is due to",( a ) change in temperature of the media.,( b ) change in the amplitude of light.,( c ) change in speed of light.,( d ) internal property of light.,C,TRUSTED_SECONDARY,https://www.unlockias.in/cds-2021-ii-general-knowledge,https://www.unlockias.in/cds-2021-ii-general-knowledge/q21-refraction-light-enters-one-transparent-medium-another,C,UnlockIAS_2026-10-08,3b1e375d4f3186f63833e85b81bd66c0d9da899e5a7a9cfbe841a6b254a87788
CDS_2021_II_GK,CDS_2021_II_GK_022,CDS,2021,II,General Knowledge,22,A bus starting from a bus-stand and moving with uniform acceleration attains a speed of 20 km/h in 10 minutes. What is its acceleration?,( a ) 200 km/h²,( b ) 120 km/h²,( c ) 100 km/h²,( d ) 240 km/h²,B,TRUSTED_SECONDARY,https://www.unlockias.in/cds-2021-ii-general-knowledge,https://www.unlockias.in/cds-2021-ii-general-knowledge/q22-bus-starting-bus-stand-moving-uniform-acceleration,B,UnlockIAS_2026-10-08,f0ab1312136a69b418fb535c6e111a6024390b7507ebcd6b28df7130ab1a616c
CDS_2021_II_GK,CDS_2021_II_GK_023,CDS,2021,II,General Knowledge,23,Which one of the following is the correct reactivity order of metals reacting with dilute HCl?,( a ) Mg > Al > Zn > Fe,( b ) Mg < Al < Zn < Fe,( c ) Mg > Zn > Fe > Al,( d ) Fe > Mg > Al > Zn,A,TRUSTED_SECONDARY,https://www.unlockias.in/cds-2021-ii-general-knowledge,https://www.unlockias.in/cds-2021-ii-general-knowledge/q23-one-correct-reactivity-order-metals-reacting-dilute,A,UnlockIAS_2026-10-08,4f9c047371adf80d497adb9b511afb28b188049082635ce9d5a2b09aa5622303
CDS_2021_II_GK,CDS_2021_II_GK_024,CDS,2021,II,General Knowledge,24,Which one of the following acids is secreted by leaves of Nettle that causes painful stings?,( a ) Methanoic acid,( b ) Citric acid,( c ) Tartaric acid,( d ) Acetic acid,A,TRUSTED_SECONDARY,https://www.unlockias.in/cds-2021-ii-general-knowledge,https://www.unlockias.in/cds-2021-ii-general-knowledge/q24-one-acids-secreted-leaves-nettle-causes-painful,A,UnlockIAS_2026-10-08,3bc3fc5cc1f0e6b3476da0a599f8223f24c6e1122243aa26270385d13596038f
CDS_2021_II_GK,CDS_2021_II_GK_025,CDS,2021,II,General Knowledge,25,"Which of the following statements is/are correct? 1. All the bases are alkali. 2. All alkalis dissolve in water. 3. Alkalis are soapy to touch, bitter in taste and corrosive in nature. Select the correct answer using the code given below:",( a ) 1 only,( b ) 1 and 3 only,( c ) 2 and 3 only,( d ) 3 only,C,TRUSTED_SECONDARY,https://www.unlockias.in/cds-2021-ii-general-knowledge,https://www.unlockias.in/cds-2021-ii-general-knowledge/q25-statements-correct-all-bases-alkali-all-alkalis,C,UnlockIAS_2026-10-08,005bcbd7e98b0ffab6a31199e147b66fce56bcf942839749a2c1eb76a28b633c
CDS_2021_II_GK,CDS_2021_II_GK_026,CDS,2021,II,General Knowledge,26,Which one of the following materials is present in a guard tube (drying tube) that is used for preparation of HCl gas?,( a ) Calcium chloride,( b ) Calcium bromide,( c ) Calcium iodide,( d ) Calcium fluoride,A,TRUSTED_SECONDARY,https://www.unlockias.in/cds-2021-ii-general-knowledge,https://www.unlockias.in/cds-2021-ii-general-knowledge/q26-one-materials-present-guard-tube-drying-tube,A,UnlockIAS_2026-10-08,48666d4b15d064a899ecbd5fcc4daf596607b75bdcda970b68c25926611e5e13
CDS_2021_II_GK,CDS_2021_II_GK_027,CDS,2021,II,General Knowledge,27,"Fertilizers are used to obtain higher yields of crops. However, all nutrients are usually not available in fertilizers. Which one of the following nutrients is usually not available in fertilizers?",( a ) Iron,( b ) Potassium,( c ) Nitrogen,( d ) Phosphorus,A,TRUSTED_SECONDARY,https://www.unlockias.in/cds-2021-ii-general-knowledge,https://www.unlockias.in/cds-2021-ii-general-knowledge/q27-fertilizers-obtain-higher-yields-crops-however-all,A,UnlockIAS_2026-10-08,bc6dece2c9211aafd0f90d964c5ba3bd7e82fdd7ed98d7844326084903b8bed3
CDS_2021_II_GK,CDS_2021_II_GK_028,CDS,2021,II,General Knowledge,28,Rupa and Sachin observed an animal in their school garden. Rupa called it an insect while Sachin identified it as an earthworm. Which one of the following characteristics confirms that it is an insect ?,( a ) The animal had jointed legs.,( b ) Body of the animal had very little segmentation.,( c ) Body of the animal was cylindrical.,( d ) Body of the animal was bilaterally symmetrical.,A,TRUSTED_SECONDARY,https://www.unlockias.in/cds-2021-ii-general-knowledge,https://www.unlockias.in/cds-2021-ii-general-knowledge/q28-rupa-sachin-observed-animal-school-garden-rupa,A,UnlockIAS_2026-10-08,e73db1575998eccfa14c781f4db1744e590d72cc257f125763b958a5aada08e6
CDS_2021_II_GK,CDS_2021_II_GK_029,CDS,2021,II,General Knowledge,29,"Animals which are marine, bilaterally symmetrical, have a coelom and a notochord, but never form a vertebral column are placed under which one of the following groups ?",( a ) Chordata,( b ) Protochordata,( c ) Vertebrata,( d ) Mammalia,B,TRUSTED_SECONDARY,https://www.unlockias.in/cds-2021-ii-general-knowledge,https://www.unlockias.in/cds-2021-ii-general-knowledge/q29-animals-marine-bilaterally-symmetrical-coelom-notochord-but,B,UnlockIAS_2026-10-08,43902217d321428f84c2e2e27a4c75659758641d59c48128f5445bad49ec8b64
CDS_2021_II_GK,CDS_2021_II_GK_030,CDS,2021,II,General Knowledge,30,What is the location of intercalary meristem in plants ?,( a ) Base of the leaves or internodes,( b ) Stems or roots,( c ) Tips of stems and leaves,( d ) Base of flower pedicel,A,TRUSTED_SECONDARY,https://www.unlockias.in/cds-2021-ii-general-knowledge,https://www.unlockias.in/cds-2021-ii-general-knowledge/q30-location-intercalary-meristem-plants,A,UnlockIAS_2026-10-08,2fff68873331cf96338aa92df602a5946285d3cd0130b05bc6f2cb1f601655d1
CDS_2021_II_GK,CDS_2021_II_GK_031,CDS,2021,II,General Knowledge,31,The federation of which one of the following States has been described as “an indestructible union of indestructible states” ?,( a ) India,( b ) U.S.A.,( c ) Canada,( d ) Australia,B,TRUSTED_SECONDARY,https://www.unlockias.in/cds-2021-ii-general-knowledge,https://www.unlockias.in/cds-2021-ii-general-knowledge/q31-federation-one-states-described-indestructible-union-indestructible,B,UnlockIAS_2026-10-08,43d0d1c93e40c4b824cbe10dfc54f87ff8117a95c8851fdead051d12d1ee6174
CDS_2021_II_GK,CDS_2021_II_GK_032,CDS,2021,II,General Knowledge,32,"Who among the following is the author of the famous essay, ‘The End of History and the Last Man’ ?",( a ) Francis Fukuyama,( b ) Daniel Bell,( c ) Abraham Lincoln,( d ) Anthony Giddens,A,TRUSTED_SECONDARY,https://www.unlockias.in/cds-2021-ii-general-knowledge,https://www.unlockias.in/cds-2021-ii-general-knowledge/q32-among-author-famous-essay-end-history-last,A,UnlockIAS_2026-10-08,110e5aad734e735c4a142f7fff2afcea1c0a57a3c5ebafe86c0258634a801d54
CDS_2021_II_GK,CDS_2021_II_GK_033,CDS,2021,II,General Knowledge,33,Which one of the following statements is not correct ?,( a ) Allahabad High Court has a Bench at Lucknow.,( b ) Madhya Pradesh High Court has a Bench at Gwalior.,( c ) Rajasthan High Court is located at Jodhpur.,( d ) Guwahati High Court has no Bench.,D,TRUSTED_SECONDARY,https://www.unlockias.in/cds-2021-ii-general-knowledge,https://www.unlockias.in/cds-2021-ii-general-knowledge/q33-one-statements-correct,D,UnlockIAS_2026-10-08,efe8069f881c72c1ed8ca6aefd42f305f38b219bf901bcb6cab816581ad257c2
CDS_2021_II_GK,CDS_2021_II_GK_034,CDS,2021,II,General Knowledge,34,Which among the following is not a condition for the disqualification of a Member of Parliament ?,( a ) Voluntary acquisition of citizenship of a foreign country,( b ) Holding the office of the Chairperson of the National Commission for Women,( c ) The Member abstains from voting in the House without prior permission,( d ) The Member holds the office of the Chairman of the Board of Directors of the National Coal Development Corporation Ltd.,B,TRUSTED_SECONDARY,https://www.unlockias.in/cds-2021-ii-general-knowledge,https://www.unlockias.in/cds-2021-ii-general-knowledge/q34-among-condition-disqualification-member-parliament,B,UnlockIAS_2026-10-08,97168dedacd31e9a03f1c750351a308667702e85a24b20e6ea4d4bb8452b694d
CDS_2021_II_GK,CDS_2021_II_GK_035,CDS,2021,II,General Knowledge,35,Who among the following considered the Directive Principles of State Policy as aiming at 'furthering the goals of social exclusion'?,( a ) B.N. Rau,( b ) Granville Austin,( c ) K.C. Wheare,( d ) Rajni Kothari,B,TRUSTED_SECONDARY,https://www.unlockias.in/cds-2021-ii-general-knowledge,https://www.unlockias.in/cds-2021-ii-general-knowledge/q35-among-considered-directive-principles-state-policy-aiming,B,UnlockIAS_2026-10-08,cef4254961cb99c2f0f205a47316322300c4ec8e59498d2f9b82a9de35d71534
CDS_2021_II_GK,CDS_2021_II_GK_036,CDS,2021,II,General Knowledge,36,D performs her train journey by the shortest route from Bengaluru to New Delhi. Which one of the following rivers will she not cross while performing the journey?,( a ) Narmada,( b ) Yamuna,( c ) Godavari,( d ) Krishna,B,TRUSTED_SECONDARY,https://www.unlockias.in/cds-2021-ii-general-knowledge,https://www.unlockias.in/cds-2021-ii-general-knowledge/q36-performs-train-journey-shortest-route-bengaluru-new,B,UnlockIAS_2026-10-08,101cd25ed9b8656929a2fcaff804ba24cdd260c299684518df588399dd96447a
CDS_2021_II_GK,CDS_2021_II_GK_037,CDS,2021,II,General Knowledge,37,Identify the State on the basis of the following characteristics: 1. Tropic of Cancer passes through the State. 2. The State has more north-south extension. 3. The State has international border with Bangladesh and Myanmar. Select the correct answer using the code given below:,( a ) Tripura,( b ) Mizoram,( c ) Nagaland,( d ) Manipur,B,TRUSTED_SECONDARY,https://www.unlockias.in/cds-2021-ii-general-knowledge,https://www.unlockias.in/cds-2021-ii-general-knowledge/q37-identify-state-basis-characteristics-tropic-cancer-passes,B,UnlockIAS_2026-10-08,82b83cd064766542cebc7fec93736cb28db902de2463d2bfe5cdb6c5b62fe654
CDS_2021_II_GK,CDS_2021_II_GK_038,CDS,2021,II,General Knowledge,38,"M wants to visit a place in a Union Territory, which is located at 34° N and 77° E. Which one of the following Union Territories must he have planned to visit?",( a ) Andaman and Nicobar Islands,( b ) Lakshadweep,( c ) Puducherry,( d ) Ladakh,D,TRUSTED_SECONDARY,https://www.unlockias.in/cds-2021-ii-general-knowledge,https://www.unlockias.in/cds-2021-ii-general-knowledge/q38-wants-visit-place-union-territory-located-one,D,UnlockIAS_2026-10-08,80c59bb5ca82deb1059feba2a181ab2bd922891ee4fe64dfef0293263dc5c469
CDS_2021_II_GK,CDS_2021_II_GK_039,CDS,2021,II,General Knowledge,39,"Consider the following statements with respect to the adolescent population (age group of 10 to 19 years) of India, according to the 2011 Census: 1. Adolescent population comprises half the population of the country. 2. The group is regarded as youthful population with high potential. 3. In this group there are greater number of females than males. Which of the statements given above is/are correct?",( a ) 1 only,( b ) 2 only,( c ) 1 and 2 only,( d ) 2 and 3 only,B,TRUSTED_SECONDARY,https://www.unlockias.in/cds-2021-ii-general-knowledge,https://www.unlockias.in/cds-2021-ii-general-knowledge/q39-consider-statements-respect-adolescent-population-age-group,B,UnlockIAS_2026-10-08,7471961103b4f6eb8e6da962fc0b448b22b831e95069516514904c2e8412390e
CDS_2021_II_GK,CDS_2021_II_GK_040,CDS,2021,II,General Knowledge,40,"In a discussion, M from Arunachal Pradesh, J from Assam, N from Meghalaya and S from Nagaland are claiming that as per Census 2011, their State has the maximum density of population. Identify the person making the correct claim.",( a ) M,( b ) J,( c ) N,( d ) S,B,TRUSTED_SECONDARY,https://www.unlockias.in/cds-2021-ii-general-knowledge,https://www.unlockias.in/cds-2021-ii-general-knowledge/q40-discussion-arunachal-pradesh-assam-meghalaya-nagaland-claiming,B,UnlockIAS_2026-10-08,12d7963d31902b87b9c37a9e374b4505ae5ee637724c6eb9ebdc478eda67a5b0
CDS_2021_II_GK,CDS_2021_II_GK_041,CDS,2021,II,General Knowledge,41,Who among the following ancient Indian kings was praised in glowing terms in the Prayaga Prashasti?,( a ) Ashoka,( b ) Harshavardhana,( c ) Samudragupta,( d ) Bindusara,C,TRUSTED_SECONDARY,https://www.unlockias.in/cds-2021-ii-general-knowledge,https://www.unlockias.in/cds-2021-ii-general-knowledge/q41-among-ancient-indian-kings-praised-glowing-terms,C,UnlockIAS_2026-10-08,6f7a65d2ae8507d384ce5fb1287627ae1c7736b01e76e44b07421340d0af375e
CDS_2021_II_GK,CDS_2021_II_GK_042,CDS,2021,II,General Knowledge,42,The Self-Respect Movement was initiated by,( a ) B. R. Ambedkar,( b ) Jyotiba Phule,( c ) E. V. Ramaswamy Naicker,( d ) Jawaharlal Nehru,C,TRUSTED_SECONDARY,https://www.unlockias.in/cds-2021-ii-general-knowledge,https://www.unlockias.in/cds-2021-ii-general-knowledge/q42-self-respect-movement-initiated,C,UnlockIAS_2026-10-08,a80956349ca4b715ebd05a912d98d69071acdd5edd17bcb838fbaedf75db8e8b
CDS_2021_II_GK,CDS_2021_II_GK_043,CDS,2021,II,General Knowledge,43,"The location of the ancient city of Taxila (Takshshila), mentioned in ancient Indian texts, was identified by",( a ) Alexander Cunnigham,( b ) R. D. Banerji,( c ) John Marshall,( d ) Daya Ram Sahni,A,TRUSTED_SECONDARY,https://www.unlockias.in/cds-2021-ii-general-knowledge,https://www.unlockias.in/cds-2021-ii-general-knowledge/q43-location-ancient-city-taxila-takshshila-mentioned-ancient,A,UnlockIAS_2026-10-08,3b78925e017319f8d582680cce0b4076f0e89b791e9636f396803e333f91834b
CDS_2021_II_GK,CDS_2021_II_GK_044,CDS,2021,II,General Knowledge,44,Who among the following was not a Jain Acharya?,( a ) Bhadrabahu,( b ) Khema,( c ) Haribhadra,( d ) Siddhasena Divakara,B,TRUSTED_SECONDARY,https://www.unlockias.in/cds-2021-ii-general-knowledge,https://www.unlockias.in/cds-2021-ii-general-knowledge/q44-among-jain-acharya,B,UnlockIAS_2026-10-08,14403cb78b32ad687b95094e7c8fd2b41cd67f7594a8bbcb457ff5f0aa47bc7b
CDS_2021_II_GK,CDS_2021_II_GK_045,CDS,2021,II,General Knowledge,45,"In India, the first major public appearance of Mahatma Gandhi was in",( a ) Champaran (1917),( b ) Kheda (1918),( c ) Inauguration of Banaras Hindu University (1916),( d ) Rowlatt Satyagraha (1919),C,TRUSTED_SECONDARY,https://www.unlockias.in/cds-2021-ii-general-knowledge,https://www.unlockias.in/cds-2021-ii-general-knowledge/q45-india-first-major-public-appearance-mahatma-gandhi,C,UnlockIAS_2026-10-08,a764b4f85caf5dc6b14b6b8799cebd7ab928e9921eb156a91a09fbfbb7980043
CDS_2021_II_GK,CDS_2021_II_GK_046,CDS,2021,II,General Knowledge,46,Consider the following statements about Patanjali's Mahabhashya: 1. It makes a mention of Kautilya. 2. It is a book on grammar and refers to historical personalities only incidentally. Which of the statements given above is/are correct?,( a ) 1 only,( b ) 2 only,( c ) Both 1 and 2,( d ) Neither 1 nor 2,B,TRUSTED_SECONDARY,https://www.unlockias.in/cds-2021-ii-general-knowledge,https://www.unlockias.in/cds-2021-ii-general-knowledge/q46-consider-statements-about-patanjali-mahabhashya-makes-mention,B,UnlockIAS_2026-10-08,984f409fcdde2b8bf16e028491da0f80f17bc080d9289058dedd80a406161682
CDS_2021_II_GK,CDS_2021_II_GK_047,CDS,2021,II,General Knowledge,47,Which one of the following may lead to movement along the demand curve of a commodity?,( a ) Change in its price,( b ) Change in price of the other commodities,( c ) Change in income of the consumer,( d ) Change in tastes and preferences of consumers,A,TRUSTED_SECONDARY,https://www.unlockias.in/cds-2021-ii-general-knowledge,https://www.unlockias.in/cds-2021-ii-general-knowledge/q47-one-lead-movement-along-demand-curve-commodity,A,UnlockIAS_2026-10-08,5ac46cb0efc178d1b52365b2f1ed31b0e9d7bc0173cba1b53bf6af735edc77ca
CDS_2021_II_GK,CDS_2021_II_GK_048,CDS,2021,II,General Knowledge,48,Which one of the following is the opportunity cost of a chosen activity?,( a ) Out of pocket cost,( b ) Out of pocket cost plus cost incurred by the Government,( c ) Value of all opportunities forgone,( d ) Value of next best alternative that is given up,D,TRUSTED_SECONDARY,https://www.unlockias.in/cds-2021-ii-general-knowledge,https://www.unlockias.in/cds-2021-ii-general-knowledge/q48-one-opportunity-cost-chosen-activity,D,UnlockIAS_2026-10-08,46fcd1929b6a8670d317af764fbe5c4852ffd39f7c831a36d65f60faa087254e
CDS_2021_II_GK,CDS_2021_II_GK_049,CDS,2021,II,General Knowledge,49,Which one of the following statements in the context of social sector spending in India during 2014–19 (both States and the Union Government together) is true?,( a ) Expenditure on education was 5% of GDP.,( b ) Expenditure on health was 4% of the social services expenditure.,( c ) There was a stagnation in the spending on education as a percent of GDP.,( d ) Health sector spending amounted to 10% of the total expenditure.,C,TRUSTED_SECONDARY,https://www.unlockias.in/cds-2021-ii-general-knowledge,https://www.unlockias.in/cds-2021-ii-general-knowledge/q49-one-statements-context-social-sector-spending-india,C,UnlockIAS_2026-10-08,34de0c35be246d4212be57dcfa22317a347aa5a358be4bb7a98075e7d3fe1894
CDS_2021_II_GK,CDS_2021_II_GK_050,CDS,2021,II,General Knowledge,50,"According to UNDP's Human Development Report – 2020, in which of the HDI components has India improved in recent years? 1. Life expectancy at birth 2. Expected years of schooling 3. GNI per capita 4. Mean years of schooling Select the correct answer using the code given below :",( a ) 1 and 2 only,( b ) 2 and 3 only,( c ) 1 and 3 only,"( d ) 1, 2, 3 and 4",C,TRUSTED_SECONDARY,https://www.unlockias.in/cds-2021-ii-general-knowledge,https://www.unlockias.in/cds-2021-ii-general-knowledge/q50-according-undp-human-development-report-2020-hdi,C,UnlockIAS_2026-10-08,ab07cc4c5257486f97226c94393d97a5ab89c37726501c0e8954c67aa16d9fc4
CDS_2021_II_GK,CDS_2021_II_GK_051,CDS,2021,II,General Knowledge,51,Which one of the following is true of a pure voluntary exchange between two parties A and B?,( a ) A can exploit B or vice versa,( b ) Both gain; it is a win-win situation,"( c ) If A makes profit, it must be at the cost of B",( d ) Both can lose,B,TRUSTED_SECONDARY,https://www.unlockias.in/cds-2021-ii-general-knowledge,https://www.unlockias.in/cds-2021-ii-general-knowledge/q51-one-true-pure-voluntary-exchange-between-two,B,UnlockIAS_2026-10-08,c4b029491dcedbe889f7ce3f05437eab4b077fdf5b9250430473e9fc5a40ecc8
CDS_2021_II_GK,CDS_2021_II_GK_052,CDS,2021,II,General Knowledge,52,"The provision, ‘the State shall take steps to separate the Judiciary from the Executive in the public services of the State’ is incorporated in which part of the Constitution of India?",( a ) Part-IV,( b ) Part-V,( c ) Part-VI,( d ) Part-VII,A,TRUSTED_SECONDARY,https://www.unlockias.in/cds-2021-ii-general-knowledge,https://www.unlockias.in/cds-2021-ii-general-knowledge/q52-provision-state-take-steps-separate-judiciary-executive,A,UnlockIAS_2026-10-08,f6aee2b0ced4f96d48dd7c42eea4b75f8de24d7ad23bc218154144d6e20fbb91
CDS_2021_II_GK,CDS_2021_II_GK_053,CDS,2021,II,General Knowledge,53,"Which of the following statements are correct? 1. Speaker may permit any Member to address the House in his/her mother tongue, if he/she cannot adequately express in either Hindi or English. 2. Business of the Parliamentary Committees is transacted either in Hindi or in English. 3. The minutes of the Parliamentary Committees are prepared invariably in Hindi or English. Select the correct answer using the code given below :","( a ) 1, 2 and 3",( b ) 1 and 2 only,( c ) 2 and 3 only,( d ) 1 and 3 only,A,TRUSTED_SECONDARY,https://www.unlockias.in/cds-2021-ii-general-knowledge,https://www.unlockias.in/cds-2021-ii-general-knowledge/q53-statements-correct-speaker-permit-any-member-address,A,UnlockIAS_2026-10-08,909be410e5d903886b1ed78d78a4624eb050406ec194e110e6fcb3d37d0e4479
CDS_2021_II_GK,CDS_2021_II_GK_054,CDS,2021,II,General Knowledge,54,"Which one of the following is the correct meaning of the term ‘State’, as defined in Article 12 of the Constitution of India?",( a ) It refers only to the Government of India.,( b ) It refers only to the Government of India and the Parliament of India.,"( c ) It refers only to the Government of India, Parliament of India, and Governments and Legislatures of each State.","( d ) It refers to the Government of India, Parliament of India, Governments and Legislatures of each State, and all local or other authorities within the territory of India.",D,TRUSTED_SECONDARY,https://www.unlockias.in/cds-2021-ii-general-knowledge,https://www.unlockias.in/cds-2021-ii-general-knowledge/q54-one-correct-meaning-term-state-defined-article,D,UnlockIAS_2026-10-08,942c94627a939c0f629db76c6c707b1ede1d77599d78f9bfe17e4193f82b9244
CDS_2021_II_GK,CDS_2021_II_GK_055,CDS,2021,II,General Knowledge,55,Which one among the following is the largest State in terms of seats in the Rajya Sabha?,( a ) Andhra Pradesh,( b ) Bihar,( c ) Rajasthan,( d ) Karnataka,B,TRUSTED_SECONDARY,https://www.unlockias.in/cds-2021-ii-general-knowledge,https://www.unlockias.in/cds-2021-ii-general-knowledge/q55-one-among-largest-state-terms-seats-rajya,B,UnlockIAS_2026-10-08,426644918d98e8d81b6c06cb22802fc6b1ffe168db43230cdbda6d8f75ad311f
CDS_2021_II_GK,CDS_2021_II_GK_056,CDS,2021,II,General Knowledge,56,Under which Article of the Constitution of India has provision been made for reservation of seats for women in Panchayats?,( a ) Article 243 B,( b ) Article 243 C,( c ) Article 243 D,( d ) Article 243 E,C,TRUSTED_SECONDARY,https://www.unlockias.in/cds-2021-ii-general-knowledge,https://www.unlockias.in/cds-2021-ii-general-knowledge/q56-under-article-constitution-india-provision-made-reservation,C,UnlockIAS_2026-10-08,83287e3fed3ad8ffee7a6c04f9421317145aef39e0fa7cb395da69ff6c317ab1
CDS_2021_II_GK,CDS_2021_II_GK_057,CDS,2021,II,General Knowledge,57,The painted illustration of the moving of the Ashoka Pillar at Topra is found in,( a ) Tarikh-i-Firuz Shahi,( b ) Tarikh-i-Shahi,( c ) Sirat-i-Firuz Shahi,( d ) Akbar Nama,C,TRUSTED_SECONDARY,https://www.unlockias.in/cds-2021-ii-general-knowledge,https://www.unlockias.in/cds-2021-ii-general-knowledge/q57-painted-illustration-moving-ashoka-pillar-topra-found,C,UnlockIAS_2026-10-08,7d3aac8cf5b6230ba0ecfe4585296bc9e227833a617922a24e8c3390659379ae
CDS_2021_II_GK,CDS_2021_II_GK_058,CDS,2021,II,General Knowledge,58,Which one among the following is a temple of the Vaishnavite tradition?,( a ) Srirangam,( b ) Chidambaram,( c ) Gangaikonda Cholapuram,( d ) Thanjavur,A,TRUSTED_SECONDARY,https://www.unlockias.in/cds-2021-ii-general-knowledge,https://www.unlockias.in/cds-2021-ii-general-knowledge/q58-one-among-temple-vaishnavite-tradition,A,UnlockIAS_2026-10-08,99544701dc167fb3c8804efd18040905740074dc65e3b2da699901d44aef4c21
CDS_2021_II_GK,CDS_2021_II_GK_059,CDS,2021,II,General Knowledge,59,"The biography of Shaikh Muinuddin Chishti, authored by Jahanara, is known as",( a ) Munis al Arwah,( b ) Fawaid ul Fuwad,( c ) Sirat ul Auliya,( d ) Muraqqa-e Dehli,A,TRUSTED_SECONDARY,https://www.unlockias.in/cds-2021-ii-general-knowledge,https://www.unlockias.in/cds-2021-ii-general-knowledge/q59-biography-shaikh-muinuddin-chishti-authored-jahanara-known,A,UnlockIAS_2026-10-08,62004e5d660c0d08fb0aeb85d7c013be0e4022d64acaa9e934b620862eac1622
CDS_2021_II_GK,CDS_2021_II_GK_060,CDS,2021,II,General Knowledge,60,Which one of the following is not a political method of the moderates in the National Movement?,( a ) Overthrow of alien rule,( b ) Constitutional agitation,"( c ) Slow, orderly political progress",( d ) Mobilisation of public opinion,A,TRUSTED_SECONDARY,https://www.unlockias.in/cds-2021-ii-general-knowledge,https://www.unlockias.in/cds-2021-ii-general-knowledge/q60-one-political-method-moderates-national-movement,A,UnlockIAS_2026-10-08,1cc7e11c7fbc32044a283b476835f4c2e0d5adb38eda3a3624e165d0b6a15879
CDS_2021_II_GK,CDS_2021_II_GK_061,CDS,2021,II,General Knowledge,61,Swami Dayanand Saraswati took inspiration from,( a ) Puranas,( b ) Vedas,( c ) Medieval saints,( d ) Sufism,B,TRUSTED_SECONDARY,https://www.unlockias.in/cds-2021-ii-general-knowledge,https://www.unlockias.in/cds-2021-ii-general-knowledge/q61-swami-dayanand-saraswati-took-inspiration,B,UnlockIAS_2026-10-08,800c8ee82557bbceacb9b5f3d4a0694b4221dda55196fc06fa5ad0c0372fefe4
CDS_2021_II_GK,CDS_2021_II_GK_062,CDS,2021,II,General Knowledge,62,The call for 'renunciation of (all) voluntary associations with the (British) Government' was given during,( a ) Non-Cooperation Movement.,( b ) Civil Disobedience Movement.,( c ) Quit India Movement.,( d ) Protest against partition of Bengal.,A,TRUSTED_SECONDARY,https://www.unlockias.in/cds-2021-ii-general-knowledge,https://www.unlockias.in/cds-2021-ii-general-knowledge/q62-call-renunciation-all-voluntary-associations-british-government,A,UnlockIAS_2026-10-08,23064864b5dd8185b1bdd39d238612f5f8442f31773ce24cdae145f9fa9b156b
CDS_2021_II_GK,CDS_2021_II_GK_063,CDS,2021,II,General Knowledge,63,Which of the following statements is/are correct with respect to Time Zone in India? 1. There is one standard time for the whole country. 2. Andaman and Nicobar Islands and Lakshadweep Islands have different Time Zones. 3. Indian Standard Time (IST) is five and half hours behind GMT. Select the correct answer using the code given below:,( a ) 1 only,( b ) 2 only,( c ) 1 and 2 only,( d ) 1 and 3 only,A,TRUSTED_SECONDARY,https://www.unlockias.in/cds-2021-ii-general-knowledge,https://www.unlockias.in/cds-2021-ii-general-knowledge/q63-statements-correct-respect-time-zone-india-there,A,UnlockIAS_2026-10-08,d40e6f5fb91fcf23b5e4f2fccac934a1369929018ecae7825de36b8777a9d9e2
CDS_2021_II_GK,CDS_2021_II_GK_064,CDS,2021,II,General Knowledge,64,"D had recently visited Khardung La, Nubra Valley and several Buddhist monasteries. Which one of the following States / UT had she visited?",( a ) Himachal Pradesh,( b ) Uttarakhand,( c ) Sikkim,( d ) Ladakh,D,TRUSTED_SECONDARY,https://www.unlockias.in/cds-2021-ii-general-knowledge,https://www.unlockias.in/cds-2021-ii-general-knowledge/q64-recently-visited-khardung-nubra-valley-several-buddhist,D,UnlockIAS_2026-10-08,a045f85f2d6dc520fc4915426bf77cf137f8521397d8f9f5b3c7df7685dcfb1a
CDS_2021_II_GK,CDS_2021_II_GK_065,CDS,2021,II,General Knowledge,65,Which one of the following States receives rainfall from both the Arabian Sea branch and the Bay of Bengal branch of Monsoon?,( a ) Punjab,( b ) Maharashtra,( c ) Meghalaya,( d ) Tamil Nadu,A,TRUSTED_SECONDARY,https://www.unlockias.in/cds-2021-ii-general-knowledge,https://www.unlockias.in/cds-2021-ii-general-knowledge/q65-one-states-receives-rainfall-both-arabian-sea,A,UnlockIAS_2026-10-08,b91153754422933a4c2e4f40ab61c30a0d2f91924d3c551f600197a72edb74b1
CDS_2021_II_GK,CDS_2021_II_GK_066,CDS,2021,II,General Knowledge,66,"Inceptisols, Entisols, Vertisols and Mollisols are orders of which one of the following?",( a ) Sugarcane,( b ) Soil,( c ) Coal,( d ) Copper,B,TRUSTED_SECONDARY,https://www.unlockias.in/cds-2021-ii-general-knowledge,https://www.unlockias.in/cds-2021-ii-general-knowledge/q66-inceptisols-entisols-vertisols-mollisols-orders-one,B,UnlockIAS_2026-10-08,bcec247865d5db2a74cbd1c3fde6910d45024e11e15e880d9ba726eadd617e4d
CDS_2021_II_GK,CDS_2021_II_GK_067,CDS,2021,II,General Knowledge,67,S had witnessed contour bunding and contour ploughing while visiting one of the States in India. Identify the State from the options given below.,( a ) Punjab,( b ) Haryana,( c ) Himachal Pradesh,( d ) Rajasthan,C,TRUSTED_SECONDARY,https://www.unlockias.in/cds-2021-ii-general-knowledge,https://www.unlockias.in/cds-2021-ii-general-knowledge/q67-witnessed-contour-bunding-contour-ploughing-while-visiting,C,UnlockIAS_2026-10-08,158fab625ffa7020b93dd177d1a51ed8a5441edc9e4e4177795c6f5d84d9c6c6
CDS_2021_II_GK,CDS_2021_II_GK_068,CDS,2021,II,General Knowledge,68,Which one of the following target groups is the beneficiary of 'Garib Kalyan Rojgar Abhiyan' scheme?,( a ) All rural women,( b ) All returning migrants,( c ) All below poverty line households,( d ) All new migrants to town,B,TRUSTED_SECONDARY,https://www.unlockias.in/cds-2021-ii-general-knowledge,https://www.unlockias.in/cds-2021-ii-general-knowledge/q68-one-target-groups-beneficiary-garib-kalyan-rojgar,B,UnlockIAS_2026-10-08,2f58199355d0e5a79edb6c7b9f4df701abfc6474e0b2fb05f288b08f88c0a90e
CDS_2021_II_GK,CDS_2021_II_GK_069,CDS,2021,II,General Knowledge,69,Match List I with List II and select the correct answer using the code given below the lists : List I (Curve) A. Lorenz curve B. Phillips curve C. Engel curve D. Laffer curve List II (Indication) 1. Inflation and employment 2. Tax rates and tax revenue 3. Inequality in distribution of income or wealth 4. Income and proportion of expenditure on food Code :,( a ) 3 4 1 2,( b ) 2 1 4 3,( c ) 3 1 4 2,( d ) 2 4 1 3,C,TRUSTED_SECONDARY,https://www.unlockias.in/cds-2021-ii-general-knowledge,https://www.unlockias.in/cds-2021-ii-general-knowledge/q69-match-list-list-select-correct-answer-using,C,UnlockIAS_2026-10-08,5e6b298128f1a96889f9217e421116792cd69a828075d67e912c39b96ef016d1
CDS_2021_II_GK,CDS_2021_II_GK_070,CDS,2021,II,General Knowledge,70,Which one of the following is a typical example of monopolistic competition?,( a ) Retail vegetable markets,( b ) Market for soaps,( c ) Indian Railways,( d ) Labour market for software engineers,B,TRUSTED_SECONDARY,https://www.unlockias.in/cds-2021-ii-general-knowledge,https://www.unlockias.in/cds-2021-ii-general-knowledge/q70-one-typical-example-monopolistic-competition,B,UnlockIAS_2026-10-08,35d976c4da4c3acfe695985f3066729feee79beaa8f89bf870a01fca4dd586bd
CDS_2021_II_GK,CDS_2021_II_GK_071,CDS,2021,II,General Knowledge,71,"Following the Constitution (One Hundred and First Amendment) Act, 2016, the Parliament of India enacted quite a few GST Acts in the year 2017. Which one of the following does not fall in this category?",( a ) The Central Goods and Services Tax Act,( b ) The Integrated Goods and Services Tax Act,( c ) The Goods and Services Tax (Compensation to States) Acts,( d ) The State Goods and Services Tax Act,D,TRUSTED_SECONDARY,https://www.unlockias.in/cds-2021-ii-general-knowledge,https://www.unlockias.in/cds-2021-ii-general-knowledge/q71-constitution-one-hundred-first-amendment-act-2016,D,UnlockIAS_2026-10-08,e9d61b302b23064e346460dbcbdd57a1bad6a544587a929fd927791531f22fe3
CDS_2021_II_GK,CDS_2021_II_GK_072,CDS,2021,II,General Knowledge,72,Which one of the following is not correct in respect of Directorate of Enforcement?,"( a ) It is a specialized financial investigation agency under the Department of Revenue, Ministry of Finance.","( b ) It enforces the Foreign Exchange Management Act, 1999.","( c ) It enforces the Prevention of Money Laundering Act, 2002.","( d ) It enforces the Prohibition of Benami Property Transaction Act, 1988.",D,TRUSTED_SECONDARY,https://www.unlockias.in/cds-2021-ii-general-knowledge,https://www.unlockias.in/cds-2021-ii-general-knowledge/q72-one-correct-respect-directorate-enforcement,D,UnlockIAS_2026-10-08,f493a6d5518079dca319173d08d40687c63a081c380b32ee17d8e2984e0a1082
CDS_2021_II_GK,CDS_2021_II_GK_073,CDS,2021,II,General Knowledge,73,Which one of the following is not correct?,( a ) Taxes on agricultural income is a subject under the State List.,( b ) Price control is a subject under the Concurrent List.,( c ) Insurance does not come under the Union List.,( d ) 'Forests' is a subject under the Concurrent List.,C,TRUSTED_SECONDARY,https://www.unlockias.in/cds-2021-ii-general-knowledge,https://www.unlockias.in/cds-2021-ii-general-knowledge/q73-one-correct,C,UnlockIAS_2026-10-08,0a4bf0b724d10b81e3e894409216c4d8d3fdc6a86903ba1711cd22cdbad134f2
CDS_2021_II_GK,CDS_2021_II_GK_074,CDS,2021,II,General Knowledge,74,Which one of the following statements is not correct about the nature of India's federal system?,( a ) There is no equality of representation of States in the Council of States.,( b ) Sikkim was not initially included in the Union as a full-fledged State.,( c ) Special provisions have been laid down in the Constitution of India for Andhra Pradesh under Article 371 D.,( d ) The Constitution of India enables the federal government to acquire the strength of a unitary system during emergencies.,X,TRUSTED_SECONDARY,https://www.unlockias.in/cds-2021-ii-general-knowledge,https://www.unlockias.in/cds-2021-ii-general-knowledge/q74-one-statements-correct-about-nature-india-federal,This question was cancelled by the commission (marks awarded to all).,UnlockIAS_2026-10-08,827119d79a005b63b1cc6177792256322e3319b7380e23c403aabd119efc613c
CDS_2021_II_GK,CDS_2021_II_GK_075,CDS,2021,II,General Knowledge,75,The Constitution of India guarantees freedom of speech and expression. But the freedom is subject to certain reasonable restrictions imposed by the State. These restrictions may relate to which of the following? 1. Defamation 2. Decency or morality 3. Incitement to an offence Select the correct answer using the code given below:,( a ) 1 only,( b ) 2 and 3 only,( c ) 1 and 3 only,"( d ) 1, 2 and 3",D,TRUSTED_SECONDARY,https://www.unlockias.in/cds-2021-ii-general-knowledge,https://www.unlockias.in/cds-2021-ii-general-knowledge/q75-constitution-india-guarantees-freedom-speech-expression-but,D,UnlockIAS_2026-10-08,f5041fb79fc69362556eb48ec720a20fce84a4d9422489ec0c001192126d165a
CDS_2021_II_GK,CDS_2021_II_GK_076,CDS,2021,II,General Knowledge,76,Which one of the following amendments in the Constitution of India made a Proclamation of Emergency immune from judicial review?,( a ) 39th Amendment,( b ) 40th Amendment,( c ) 42nd Amendment,( d ) 44th Amendment,C,TRUSTED_SECONDARY,https://www.unlockias.in/cds-2021-ii-general-knowledge,https://www.unlockias.in/cds-2021-ii-general-knowledge/q76-one-amendments-constitution-india-made-proclamation-emergency,C,UnlockIAS_2026-10-08,bc124d444ec938619663df4d4af5b91e5e2d0f8743e01c832d061c2644db7cf0
CDS_2021_II_GK,CDS_2021_II_GK_077,CDS,2021,II,General Knowledge,77,Which one of the following British officials was elevated to the position of Governor General after the Regulating Act of 1773?,( a ) Warren Hastings,( b ) Lord North,( c ) Mountstuart Elphinstone,( d ) Philip Francis,A,TRUSTED_SECONDARY,https://www.unlockias.in/cds-2021-ii-general-knowledge,https://www.unlockias.in/cds-2021-ii-general-knowledge/q77-one-british-officials-elevated-position-governor-general,A,UnlockIAS_2026-10-08,76f480b254a1d283c65caa4f439c5c5925aea79dd5926da4e5af5fd60a69436a
CDS_2021_II_GK,CDS_2021_II_GK_078,CDS,2021,II,General Knowledge,78,Which of the following ideas was preached by the Kherwar or Sapha Har movement of the 1870s?,( a ) Acceptance of the Hindu pantheonic order,( b ) Monotheism and internal social reform,( c ) Philosophy of Yoga and Mimansa,( d ) Polytheism,B,TRUSTED_SECONDARY,https://www.unlockias.in/cds-2021-ii-general-knowledge,https://www.unlockias.in/cds-2021-ii-general-knowledge/q78-ideas-preached-kherwar-sapha-har-movement-1870s,B,UnlockIAS_2026-10-08,3751172f71082825de9dd4057b681a0b0cef38b0fd24830d93972a8f1d873d1b
CDS_2021_II_GK,CDS_2021_II_GK_079,CDS,2021,II,General Knowledge,79,In which one of the following years was the Poona Sarvajanik Sabha established?,( a ) 1884,( b ) 1876,( c ) 1869,( d ) 1870,D,TRUSTED_SECONDARY,https://www.unlockias.in/cds-2021-ii-general-knowledge,https://www.unlockias.in/cds-2021-ii-general-knowledge/q79-one-years-poona-sarvajanik-sabha-established,D,UnlockIAS_2026-10-08,a5e7795f126831a2071251a4acf1d773049c6a5b36a283a2c034a41d0d701f3f
CDS_2021_II_GK,CDS_2021_II_GK_080,CDS,2021,II,General Knowledge,80,"Which one of the following was an important Pandya port, celebrated for its pearls in Sangam poems and Greek accounts?",( a ) Muchiri,( b ) Korkai,( c ) Puhar,( d ) Arikamedu,B,TRUSTED_SECONDARY,https://www.unlockias.in/cds-2021-ii-general-knowledge,https://www.unlockias.in/cds-2021-ii-general-knowledge/q80-one-important-pandya-port-celebrated-pearls-sangam,B,UnlockIAS_2026-10-08,294eb2023ca2caada47cd3493294ffeb39f3d37520bb4ce7a4f3b9da63d2d0e3
CDS_2021_II_GK,CDS_2021_II_GK_081,CDS,2021,II,General Knowledge,81,"The town of Chisht, from which the Sufi Chishti Silsila derives its name, is located in",( a ) Western Turkey,( b ) Central Afghanistan,( c ) Eastern Iran,( d ) Eastern Iraq,B,TRUSTED_SECONDARY,https://www.unlockias.in/cds-2021-ii-general-knowledge,https://www.unlockias.in/cds-2021-ii-general-knowledge/q81-town-chisht-sufi-chishti-silsila-derives-name,B,UnlockIAS_2026-10-08,40baa3594bc45fbf87de819572f8cddfef6b2678d9499b6285430c2ba6108c3d
CDS_2021_II_GK,CDS_2021_II_GK_082,CDS,2021,II,General Knowledge,82,The rules for congregational worship (Sangat) involving collective recitation were organized by,( a ) Guru Nanak,( b ) Guru Angad,( c ) Guru Arjan,( d ) Guru Govind Singh,A,TRUSTED_SECONDARY,https://www.unlockias.in/cds-2021-ii-general-knowledge,https://www.unlockias.in/cds-2021-ii-general-knowledge/q82-rules-congregational-worship-sangat-involving-collective-recitation,A,UnlockIAS_2026-10-08,ad725007f05209455d5d18f554b6928e7ca21c246e45cc88e9e516cf215bf665
CDS_2021_II_GK,CDS_2021_II_GK_083,CDS,2021,II,General Knowledge,83,Who amongst the following will be at more risk with respect to the earthquake hazard zone specified by the Geological Survey of India?,( a ) Shahji at Secunderabad,( b ) Ranbir at Indore,( c ) Malti at Pithoragarh,( d ) Maitri at Bhubaneswar,C,TRUSTED_SECONDARY,https://www.unlockias.in/cds-2021-ii-general-knowledge,https://www.unlockias.in/cds-2021-ii-general-knowledge/q83-amongst-more-risk-respect-earthquake-hazard-zone,C,UnlockIAS_2026-10-08,135f045dad2276d9e1ac7053aacb44a24f54b1832c9d5cd5247ec601438fdf8f
CDS_2021_II_GK,CDS_2021_II_GK_084,CDS,2021,II,General Knowledge,84,The Government wants to prepare a plan for drought prone areas of the country. Which one of the following regions will be predominantly focused?,( a ) Coastal Andhra Pradesh,( b ) Ganga plains,( c ) North-eastern region,( d ) Kutch region,D,TRUSTED_SECONDARY,https://www.unlockias.in/cds-2021-ii-general-knowledge,https://www.unlockias.in/cds-2021-ii-general-knowledge/q84-government-wants-prepare-plan-drought-prone-areas,D,UnlockIAS_2026-10-08,70ae1c406f34984f45bdd56163261e0b16dd01b4d3e125d1a070ce7dd78f9515
CDS_2021_II_GK,CDS_2021_II_GK_085,CDS,2021,II,General Knowledge,85,Four persons are travelling to different States of India. To whom will you advise to protect oneself from blizzards?,( a ) The person travelling to Arunachal Pradesh,( b ) The person travelling to Assam,( c ) The person travelling to Tripura,( d ) The person travelling to Odisha,A,TRUSTED_SECONDARY,https://www.unlockias.in/cds-2021-ii-general-knowledge,https://www.unlockias.in/cds-2021-ii-general-knowledge/q85-four-persons-travelling-different-states-india-you,A,UnlockIAS_2026-10-08,1575d7b3d645b2a18eb23ef1be1586f15ee58d8e8169a71fa73704b19a84300e
CDS_2021_II_GK,CDS_2021_II_GK_086,CDS,2021,II,General Knowledge,86,Which one of the following States is not prominent for plantation agriculture?,( a ) Rajasthan,( b ) Assam,( c ) Nagaland,( d ) Kerala,A,TRUSTED_SECONDARY,https://www.unlockias.in/cds-2021-ii-general-knowledge,https://www.unlockias.in/cds-2021-ii-general-knowledge/q86-one-states-prominent-plantation-agriculture,A,UnlockIAS_2026-10-08,963690fdf03c6ebc098f6f4cc8acc45c5d1f3aaf34fa5629e48f12e0a0aa900d
CDS_2021_II_GK,CDS_2021_II_GK_087,CDS,2021,II,General Knowledge,87,The distance between which two cities has been reduced by the Atal Tunnel?,( a ) Bagdogra to Gangtok,( b ) Jammu to Srinagar,( c ) Manali to Leh,( d ) Itanagar to Tawang,C,TRUSTED_SECONDARY,https://www.unlockias.in/cds-2021-ii-general-knowledge,https://www.unlockias.in/cds-2021-ii-general-knowledge/q87-distance-between-two-cities-reduced-atal-tunnel,C,UnlockIAS_2026-10-08,e2c4c142bcd326b33ced1bb051f68509f2bebb9758f927e7a7b3adefd0c63bf6
CDS_2021_II_GK,CDS_2021_II_GK_088,CDS,2021,II,General Knowledge,88,"Which one of the following biosphere reserves comprises islands with estuaries, beaches, coral reefs, salt marshes and mangroves?",( a ) Sunderban biosphere reserve,( b ) Gulf of Mannar biosphere reserve,( c ) Nilgiri biosphere reserve,( d ) Nandadevi biosphere reserve,B,TRUSTED_SECONDARY,https://www.unlockias.in/cds-2021-ii-general-knowledge,https://www.unlockias.in/cds-2021-ii-general-knowledge/q88-one-biosphere-reserves-comprises-islands-estuaries-beaches,B,UnlockIAS_2026-10-08,bd1564b355c77b4d5d48b11ca1ef207cca1def12a5ade192887cd631f13a47f1
CDS_2021_II_GK,CDS_2021_II_GK_089,CDS,2021,II,General Knowledge,89,Which one of the following is not a correct statement with reference to the Constitution of India?,( a ) The Constitution (Eighty-Fifth) Amendment Act has inserted the 'Right to Education' under Article 21A.,( b ) Article 22 talks about preventive detention.,( c ) Right to Constitutional Remedies is in Part-III of the Constitution.,( d ) Writ jurisdiction of High Courts is wider than the Supreme Court of India.,A,TRUSTED_SECONDARY,https://www.unlockias.in/cds-2021-ii-general-knowledge,https://www.unlockias.in/cds-2021-ii-general-knowledge/q89-one-correct-statement-reference-constitution-india,A,UnlockIAS_2026-10-08,6f3710c304f985ae1626f389b97f8d18de919fd1c044dab80936d514c64dbe08
CDS_2021_II_GK,CDS_2021_II_GK_090,CDS,2021,II,General Knowledge,90,Which one of the following statements about the Cripps Mission is not correct?,( a ) It was sent to India by the British Government in March 1942.,( b ) It proposed that the Constitution of India was to be framed by an elected Constituent Assembly of the Indian people.,( c ) Any province which was not prepared to accept the Constitution would be free to retain its constitutional provisions existing at that time.,( d ) The British Government could enter into a separate constitutional arrangement with any of the acceding provinces.,D,TRUSTED_SECONDARY,https://www.unlockias.in/cds-2021-ii-general-knowledge,https://www.unlockias.in/cds-2021-ii-general-knowledge/q90-one-statements-about-cripps-mission-correct,D,UnlockIAS_2026-10-08,ec4eb564a9bbefdc6afeb0dfa60e0236fc10763193c33e3a5e91018ee2004bee
CDS_2021_II_GK,CDS_2021_II_GK_091,CDS,2021,II,General Knowledge,91,Which of the following statements regarding constitutional amendment is/are correct? 1. The procedure for amendment to the Constitution is provided in Article 368. 2. A Bill to amend the Constitution can be introduced in either House of the Parliament. 3. The special procedure in Article 368 vests constituent powers upon the ordinary legislation. Select the correct answer using the code given below:,( a ) 1 only,"( b ) 1, 2 and 3",( c ) 2 and 3 only,( d ) 1 and 2 only,B,TRUSTED_SECONDARY,https://www.unlockias.in/cds-2021-ii-general-knowledge,https://www.unlockias.in/cds-2021-ii-general-knowledge/q91-statements-regarding-constitutional-amendment-correct-procedure-amendment,B,UnlockIAS_2026-10-08,b3385e93b81d63755ae2757e642d26dcd1996e1896da3f1c4354842978de6735
CDS_2021_II_GK,CDS_2021_II_GK_092,CDS,2021,II,General Knowledge,92,Which one of the following is not a circumstance for proclamation of Emergency by the President of India under Article 352 of the Constitution of India?,( a ) War,( b ) External aggression,( c ) Internal disturbance,( d ) Armed rebellion,C,TRUSTED_SECONDARY,https://www.unlockias.in/cds-2021-ii-general-knowledge,https://www.unlockias.in/cds-2021-ii-general-knowledge/q92-one-circumstance-proclamation-emergency-president-india-under,C,UnlockIAS_2026-10-08,2ba44ed5771eaa193215a38bf56b40ec69f5426b5b2cb91743d98e1528edff08
CDS_2021_II_GK,CDS_2021_II_GK_093,CDS,2021,II,General Knowledge,93,"Akbar issued a Farman in 1598 permitting in the city of Cambay (Khambat), Gujarat, the construction of a",( a ) Temple,( b ) Church,( c ) Synagogue,( d ) Jain Upashraya,B,TRUSTED_SECONDARY,https://www.unlockias.in/cds-2021-ii-general-knowledge,https://www.unlockias.in/cds-2021-ii-general-knowledge/q93-akbar-issued-farman-1598-permitting-city-cambay,B,UnlockIAS_2026-10-08,5af3c5dba8772d7faa99acbb5deb354ff9a7d164b9e5006336b2381ffddbc690
CDS_2021_II_GK,CDS_2021_II_GK_094,CDS,2021,II,General Knowledge,94,"Domingo Paes, the medieval traveller, has described the city of",( a ) Madurai,( b ) Vijayanagara,( c ) Arikamedu,( d ) Gingee,B,TRUSTED_SECONDARY,https://www.unlockias.in/cds-2021-ii-general-knowledge,https://www.unlockias.in/cds-2021-ii-general-knowledge/q94-domingo-paes-medieval-traveller-described-city,B,UnlockIAS_2026-10-08,dfc6f9ebe0fb40b4cba085a54eab4391e2e1acde652c2f1968e9ad3776384ec6
CDS_2021_II_GK,CDS_2021_II_GK_095,CDS,2021,II,General Knowledge,95,The extent of damage caused by earthquake is not influenced by which one of the following?,( a ) Strength of earthquake,( b ) Population density,( c ) Type of building,( d ) Climate of the area,D,TRUSTED_SECONDARY,https://www.unlockias.in/cds-2021-ii-general-knowledge,https://www.unlockias.in/cds-2021-ii-general-knowledge/q95-extent-damage-caused-earthquake-influenced-one,D,UnlockIAS_2026-10-08,d7957c4db77bd3e9b0df444efac6585f906ba04b882c69f83d42f08a04f251a4
CDS_2021_II_GK,CDS_2021_II_GK_096,CDS,2021,II,General Knowledge,96,An avalanche is a type of which one of the following disasters?,( a ) Atmospheric,( b ) Terrestrial,( c ) Aquatic,( d ) Biological,B,TRUSTED_SECONDARY,https://www.unlockias.in/cds-2021-ii-general-knowledge,https://www.unlockias.in/cds-2021-ii-general-knowledge/q96-avalanche-type-one-disasters,B,UnlockIAS_2026-10-08,4f867285a176ad288954ad4aa0774d772c47ca3b83783646e14f02791686b5b6
CDS_2021_II_GK,CDS_2021_II_GK_097,CDS,2021,II,General Knowledge,97,An infection constantly maintained at a baseline level in a geographic area without external input is known as,( a ) Endemic,( b ) Pandemic,( c ) Epidemic,( d ) Outbreak,A,TRUSTED_SECONDARY,https://www.unlockias.in/cds-2021-ii-general-knowledge,https://www.unlockias.in/cds-2021-ii-general-knowledge/q97-infection-constantly-maintained-baseline-level-geographic-area,A,UnlockIAS_2026-10-08,52dd869ca4567b25910ee091cab1956644e7af37d97fc55ee0e66262db54d826
CDS_2021_II_GK,CDS_2021_II_GK_098,CDS,2021,II,General Knowledge,98,Streams and rivers coming from the mountains deposit heavy materials of rocks and boulders in,( a ) Khadar,( b ) Bhangar,( c ) Bhabar,( d ) Terai,C,TRUSTED_SECONDARY,https://www.unlockias.in/cds-2021-ii-general-knowledge,https://www.unlockias.in/cds-2021-ii-general-knowledge/q98-streams-rivers-coming-mountains-deposit-heavy-materials,C,UnlockIAS_2026-10-08,5d4c1f896238e82ce907c4fe38327a339dec5d466a96915b5e13fb826441a1ca
CDS_2021_II_GK,CDS_2021_II_GK_099,CDS,2021,II,General Knowledge,99,"Which of the following statements regarding the electoral rolls is/are correct? 1. There is one general electoral roll for every territorial constituency. 2. No person is ineligible for inclusion in the electoral roll on grounds of religion, race, caste, sex, or any of them. 3. A citizen of India, not less than 18 years of age, can cast his/her vote unless disqualified under a law of an appropriate legislature. Select the correct answer using the code given below:",( a ) 1 only,"( b ) 1, 2 and 3",( c ) 2 and 3 only,( d ) 1 and 2 only,B,TRUSTED_SECONDARY,https://www.unlockias.in/cds-2021-ii-general-knowledge,https://www.unlockias.in/cds-2021-ii-general-knowledge/q99-statements-regarding-electoral-rolls-correct-there-one,B,UnlockIAS_2026-10-08,c3e41800e55793adc21d5fd9aabeda41a0fc8d1721483194a0f216d5890b8dd6
CDS_2021_II_GK,CDS_2021_II_GK_100,CDS,2021,II,General Knowledge,100,Which one of the following statements is not correct about ‘Totalitarianism’?,( a ) It is not akin to autocracy and authoritarianism.,"( b ) It usurps political freedom of the individuals, but it doesn’t usurp personal freedoms.",( c ) It implies abolition of civil society.,( d ) It is usually identified with a one-party state.,B,TRUSTED_SECONDARY,https://www.unlockias.in/cds-2021-ii-general-knowledge,https://www.unlockias.in/cds-2021-ii-general-knowledge/q100-one-statements-correct-about-totalitarianism,B,UnlockIAS_2026-10-08,81fe8d4564037b25ba66a58e5491cf3149befd40f316e5c65690e1e2d95d7b39
CDS_2021_II_GK,CDS_2021_II_GK_101,CDS,2021,II,General Knowledge,101,Who among the following was chosen for the Kuvempu Award 2020?,( a ) Dr. Rajendra Kishore Panda,( b ) Amitav Ghosh,( c ) Vikram Seth,( d ) Chetan Bhagat,A,TRUSTED_SECONDARY,https://www.unlockias.in/cds-2021-ii-general-knowledge,https://www.unlockias.in/cds-2021-ii-general-knowledge/q101-among-chosen-kuvempu-award-2020,A,UnlockIAS_2026-10-08,d911e9bd642663c1be68882401f5dff27233acd3fed1606c672a8f26d78f1d03
CDS_2021_II_GK,CDS_2021_II_GK_102,CDS,2021,II,General Knowledge,102,Avani Lekhara became the first Indian woman to win two Paralympics medals at the Tokyo Paralympics 2020. Which one of the following was her discipline?,( a ) Badminton,( b ) Shooting,( c ) Table Tennis,( d ) Archery,B,TRUSTED_SECONDARY,https://www.unlockias.in/cds-2021-ii-general-knowledge,https://www.unlockias.in/cds-2021-ii-general-knowledge/q102-avani-lekhara-became-first-indian-woman-win,B,UnlockIAS_2026-10-08,270604bf3083187298fba28517c915211cb071301fbca77f7c48fe45c462f1d6
CDS_2021_II_GK,CDS_2021_II_GK_103,CDS,2021,II,General Knowledge,103,Bagram Air Base is located in,( a ) Turkey,( b ) Pakistan,( c ) Afghanistan,( d ) Israel,C,TRUSTED_SECONDARY,https://www.unlockias.in/cds-2021-ii-general-knowledge,https://www.unlockias.in/cds-2021-ii-general-knowledge/q103-bagram-air-base-located,C,UnlockIAS_2026-10-08,a97fc8e7097ba865a155746c0cf0110c3144b9d5fc8cb56c81e38badeaa0bef2
CDS_2021_II_GK,CDS_2021_II_GK_104,CDS,2021,II,General Knowledge,104,The Panchmuli Lake is situated near,( a ) Statue of Equality,( b ) Thiruvalluvar Statue,( c ) Dhyan Buddha Statue,( d ) Statue of Unity,D,TRUSTED_SECONDARY,https://www.unlockias.in/cds-2021-ii-general-knowledge,https://www.unlockias.in/cds-2021-ii-general-knowledge/q104-panchmuli-lake-situated-near,D,UnlockIAS_2026-10-08,3e525f59b7e94521991532345c228e5774a515895bb37af09b4bbf4c16fcf5a7
CDS_2021_II_GK,CDS_2021_II_GK_105,CDS,2021,II,General Knowledge,105,"Pinaka, developed in India, is a",( a ) battle tank.,( b ) multi-barrel rocket launcher.,( c ) anti-tank guided missile.,( d ) armoured utility vehicle.,B,TRUSTED_SECONDARY,https://www.unlockias.in/cds-2021-ii-general-knowledge,https://www.unlockias.in/cds-2021-ii-general-knowledge/q105-pinaka-developed-india,B,UnlockIAS_2026-10-08,f7c09285bb7415415e4e322634b14d791814e253d5f6d6b260dc7fa5ff623d2a
CDS_2021_II_GK,CDS_2021_II_GK_106,CDS,2021,II,General Knowledge,106,What is itat e-dwar?,( a ) An Urdu magazine published from Lucknow,( b ) An e-filing portal of Income Tax Appellate Tribunal,( c ) A religious monument,( d ) Name of a UNESCO world heritage site,B,TRUSTED_SECONDARY,https://www.unlockias.in/cds-2021-ii-general-knowledge,https://www.unlockias.in/cds-2021-ii-general-knowledge/q106-itat-dwar,B,UnlockIAS_2026-10-08,a341ce587abea8c19693f70a945b170ee7557f555940555eceadc72cc9dac8a1
CDS_2021_II_GK,CDS_2021_II_GK_107,CDS,2021,II,General Knowledge,107,What is the range capability of Agni-P Ballistic Missile?,"( a ) 1,000 – 2,000 km","( b ) 2,000 – 3,000 km","( c ) 3,000 – 4,000 km","( d ) 4,000 – 5,000 km",A,TRUSTED_SECONDARY,https://www.unlockias.in/cds-2021-ii-general-knowledge,https://www.unlockias.in/cds-2021-ii-general-knowledge/q107-range-capability-agni-ballistic-missile,A,UnlockIAS_2026-10-08,9198245da1f4ab5315f7d50b55564a9a4113491253f6ef4b843267a55dac3d7f
CDS_2021_II_GK,CDS_2021_II_GK_108,CDS,2021,II,General Knowledge,108,Which one of the following Indian States has recently declared itself as the first rabies-free State?,( a ) Punjab,( b ) Himachal Pradesh,( c ) Tamil Nadu,( d ) Goa,D,TRUSTED_SECONDARY,https://www.unlockias.in/cds-2021-ii-general-knowledge,https://www.unlockias.in/cds-2021-ii-general-knowledge/q108-one-indian-states-recently-declared-itself-first,D,UnlockIAS_2026-10-08,d77eb1a2058548e29e3ee786e9a4e6836cdd217aed9008d289bcb2d22342b798
CDS_2021_II_GK,CDS_2021_II_GK_109,CDS,2021,II,General Knowledge,109,Department of Public Enterprises is a part of,( a ) Ministry of Finance.,( b ) Ministry of Heavy Industries.,( c ) PMO.,( d ) Ministry of Commerce and Industry.,A,TRUSTED_SECONDARY,https://www.unlockias.in/cds-2021-ii-general-knowledge,https://www.unlockias.in/cds-2021-ii-general-knowledge/q109-department-public-enterprises-part,A,UnlockIAS_2026-10-08,6d9568a9e1232a354c0a37a81710e84051f5dbb8cd9bee91553af7ee7acc2bc5
CDS_2021_II_GK,CDS_2021_II_GK_110,CDS,2021,II,General Knowledge,110,Chronologically arrange the following Indian-origin astronauts on the basis of their flying into space starting with the first: 1. Sunita Williams 2. Rakesh Sharma 3. Sirisha Bandla 4. Kalpana Chawla Select the correct answer using the code given below:,( a ) 4-3-2-1,( b ) 2-4-1-3,( c ) 2-1-4-3,( d ) 1-4-3-2,B,TRUSTED_SECONDARY,https://www.unlockias.in/cds-2021-ii-general-knowledge,https://www.unlockias.in/cds-2021-ii-general-knowledge/q110-chronologically-arrange-indian-origin-astronauts-basis-flying,B,UnlockIAS_2026-10-08,a4296150b99b0d8025c073befca835465e637fb42de9854e52e77097e8557be5
CDS_2021_II_GK,CDS_2021_II_GK_111,CDS,2021,II,General Knowledge,111,"President Jovenel Moise, who was assassinated recently, was the President of which one of the following countries?",( a ) Dominican Republic,( b ) Haiti,( c ) Guatemala,( d ) Cuba,B,TRUSTED_SECONDARY,https://www.unlockias.in/cds-2021-ii-general-knowledge,https://www.unlockias.in/cds-2021-ii-general-knowledge/q111-president-jovenel-moise-assassinated-recently-president-one,B,UnlockIAS_2026-10-08,2980ff5d590647d8f942eff0df541bbb2dd4b863ba8dd4a15e437c86d9cfb0b4
CDS_2021_II_GK,CDS_2021_II_GK_112,CDS,2021,II,General Knowledge,112,"Recently, which one among the following Ministries was formed under the Government of India?",( a ) Ministry of New and Renewable Energy,( b ) Ministry of Development of North-Eastern Region,( c ) Ministry of Cooperation,( d ) Ministry of Jal Shakti,C,TRUSTED_SECONDARY,https://www.unlockias.in/cds-2021-ii-general-knowledge,https://www.unlockias.in/cds-2021-ii-general-knowledge/q112-recently-one-among-ministries-formed-under-government,C,UnlockIAS_2026-10-08,21c428eae1f1f6428b5b6bef36d179bb180b10cd2575b219a543e0c04fe89d3d
CDS_2021_II_GK,CDS_2021_II_GK_113,CDS,2021,II,General Knowledge,113,Indian Naval Ship INS Tabar had recently participated in a two-day naval exercise with the Italian Navy. The exercise was conducted in,( a ) Ionian Sea,( b ) Adriatic Sea,( c ) Tyrrhenian Sea,( d ) Mediterranean Sea,C,TRUSTED_SECONDARY,https://www.unlockias.in/cds-2021-ii-general-knowledge,https://www.unlockias.in/cds-2021-ii-general-knowledge/q113-indian-naval-ship-ins-tabar-recently-participated,C,UnlockIAS_2026-10-08,7395e6b2f1a65746a7535c509d0f7488498ab8c4152220541faf95c8d2cbe84d
CDS_2021_II_GK,CDS_2021_II_GK_114,CDS,2021,II,General Knowledge,114,Which one of the following countries has recently been awarded a malaria-free certification by the WHO?,( a ) Pakistan,( b ) Bhutan,( c ) China,( d ) Nepal,C,TRUSTED_SECONDARY,https://www.unlockias.in/cds-2021-ii-general-knowledge,https://www.unlockias.in/cds-2021-ii-general-knowledge/q114-one-countries-recently-awarded-malaria-free-certification,C,UnlockIAS_2026-10-08,2cf197c0ea53fac7f14d6623eed25c9f1d307a779f5854d4057a95d8b3fc1846
CDS_2021_II_GK,CDS_2021_II_GK_115,CDS,2021,II,General Knowledge,115,Who amongst the following was honoured with Gandhi Peace Prize for the year 2020?,( a ) Qaboos bin Said Al Said,( b ) Sheikh Mujibur Rahman,( c ) Ekal Abhiyan Trust,( d ) Sulabh International,B,TRUSTED_SECONDARY,https://www.unlockias.in/cds-2021-ii-general-knowledge,https://www.unlockias.in/cds-2021-ii-general-knowledge/q115-amongst-honoured-gandhi-peace-prize-year-2020,B,UnlockIAS_2026-10-08,842101dcfeaf450fef7c0f20ca667112a2b39fb2a56a48e0cb07512b6947ec9b
CDS_2021_II_GK,CDS_2021_II_GK_116,CDS,2021,II,General Knowledge,116,Why was Dholavira in the news recently?,( a ) Skeletons discovered at this site,( b ) For its conservation effects,( c ) For the discovery of gold and precious stones at this site,( d ) It received the UNESCO World Heritage Tag,D,TRUSTED_SECONDARY,https://www.unlockias.in/cds-2021-ii-general-knowledge,https://www.unlockias.in/cds-2021-ii-general-knowledge/q116-dholavira-news-recently,D,UnlockIAS_2026-10-08,e4b718f62c8b1cf072e405b5214344d5bdca56d5fdf42a5536a93cb23b6b74d4
CDS_2021_II_GK,CDS_2021_II_GK_117,CDS,2021,II,General Knowledge,117,Which one of the following is the oldest football tournament of Asia?,( a ) Federation Cup,( b ) Santosh Trophy,( c ) Durand Cup,( d ) Rovers Cup,C,TRUSTED_SECONDARY,https://www.unlockias.in/cds-2021-ii-general-knowledge,https://www.unlockias.in/cds-2021-ii-general-knowledge/q117-one-oldest-football-tournament-asia,C,UnlockIAS_2026-10-08,b155b11610068b66e7f9f5036620dad475369dc6b0624b10e6a366fa1570a9d6
CDS_2021_II_GK,CDS_2021_II_GK_118,CDS,2021,II,General Knowledge,118,Who among the following is the first Indian woman to win a medal in the Olympics?,( a ) Karnam Malleswari,( b ) Mirabai Chanu,( c ) P.T. Usha,( d ) P.V. Sindhu,A,TRUSTED_SECONDARY,https://www.unlockias.in/cds-2021-ii-general-knowledge,https://www.unlockias.in/cds-2021-ii-general-knowledge/q118-among-first-indian-woman-win-medal-olympics,A,UnlockIAS_2026-10-08,f4f9045059c62213f3c3d84f07773e66ae9717fc8062efbe520e708b15bd20c7
CDS_2021_II_GK,CDS_2021_II_GK_119,CDS,2021,II,General Knowledge,119,"The Russian Federation participated in the Tokyo Olympics, 2020 under which of the following names?",( a ) Russian Olympic Committee,( b ) Russian Federal Committee,( c ) Russian Sports Committee,( d ) Russian Republican Committee,A,TRUSTED_SECONDARY,https://www.unlockias.in/cds-2021-ii-general-knowledge,https://www.unlockias.in/cds-2021-ii-general-knowledge/q119-russian-federation-participated-tokyo-olympics-2020-under,A,UnlockIAS_2026-10-08,2e665b758feb1c7026c6dbfad2fc7c6ddfd84f290bb4645439be6142f7bac1bc
CDS_2021_II_GK,CDS_2021_II_GK_120,CDS,2021,II,General Knowledge,120,Which of the following States/Union Territory/Region are in special focus in the National Mission on Edible Oils—Oil Palm?,( a ) Himachal Pradesh and Andaman and Nicobar Islands,( b ) North-East Region and Andaman and Nicobar Islands,( c ) North-East Region and Gujarat,( d ) Uttar Pradesh and Gujarat,B,TRUSTED_SECONDARY,https://www.unlockias.in/cds-2021-ii-general-knowledge,https://www.unlockias.in/cds-2021-ii-general-knowledge/q120-states-union-territory-region-special-focus-national,B,UnlockIAS_2026-10-08,0e297c9603978fa7caa5c4f26044a3383913c0efd6f6bd9c14695a9349c824c9
