batch_code,question_id,exam,year,cycle,paper,q_num,question,opt_a,opt_b,opt_c,opt_d,source_key_opt,key_authority,key_source_url,source_url,source_answer_raw,source_version,source_topic_hints,source_difficulty,content_hash
CDS_2021_I_GK,CDS_I_2021_GK_001,CDS,2021,I,General Knowledge,1,Which one of the following statements is not correct?,Real GDP is calculated by valuing outputs of different years at common prices.,Potential GDP is the real GDP that the economy would produce if its resources were fully employed.,Nominal GDP is calculated by valuing outputs of different years at constant prices.,Real GDP per capita is the ratio of real GDP divided by population.,C,TRUSTED_SECONDARY,https://www.unlockias.in/cds-2021-i-general-knowledge,https://www.unlockias.in/cds-2021-i-general-knowledge/q1-one-statements-correct,C,UnlockIAS_2026-10-08,"[""Indian Economy""]",,bca6acca7dcedee78d398162e5df68ece11a3c535d0470a22032bdeb006a3c3d
CDS_2021_I_GK,CDS_I_2021_GK_002,CDS,2021,I,General Knowledge,2,The mismatch in the regional or occupational pattern of job vacancies and the pattern of worker availability results in,Structural unemployment,Disguised unemployment,Altered unemployment,Cyclical unemployment,A,TRUSTED_SECONDARY,https://www.unlockias.in/cds-2021-i-general-knowledge,https://www.unlockias.in/cds-2021-i-general-knowledge/q2-mismatch-regional-occupational-pattern-job-vacancies-pattern,A,UnlockIAS_2026-10-08,"[""Indian Economy""]",,bbc88198a2970a897eda4e9feec5bb99f57beecb6a4424c974160028ab65beea
CDS_2021_I_GK,CDS_I_2021_GK_003,CDS,2021,I,General Knowledge,3,The situation in an economy which is growing slowly along with rapid inflation (rising price level) is called,Stagnation,Deflation,Stagflation,Recession,C,TRUSTED_SECONDARY,https://www.unlockias.in/cds-2021-i-general-knowledge,https://www.unlockias.in/cds-2021-i-general-knowledge/q3-situation-economy-growing-slowly-along-rapid-inflation,C,UnlockIAS_2026-10-08,"[""Indian Economy""]",,9e94db2846f0668f386d1ccec00426ccaf1d4d073e2f56e8ebe814fe3de09a3d
CDS_2021_I_GK,CDS_I_2021_GK_004,CDS,2021,I,General Knowledge,4,The increase in private investment spending induced by the increase in Government spending is known as,Crowding in,Deficit financing,Crowding out,Pumping out,A,TRUSTED_SECONDARY,https://www.unlockias.in/cds-2021-i-general-knowledge,https://www.unlockias.in/cds-2021-i-general-knowledge/q4-increase-private-investment-spending-induced-increase-government,A,UnlockIAS_2026-10-08,"[""Indian Economy""]",,6e0b0873edba7a55671be3e917bb1471a99fe6f848cb821276b1cba9cda7ea08
CDS_2021_I_GK,CDS_I_2021_GK_005,CDS,2021,I,General Knowledge,5,The asset or assets that a borrower pledges in order to guarantee repayment of a loan is called as,Cheque,Collateral,Guarantee card,Bond,B,TRUSTED_SECONDARY,https://www.unlockias.in/cds-2021-i-general-knowledge,https://www.unlockias.in/cds-2021-i-general-knowledge/q5-asset-assets-borrower-pledges-order-guarantee-repayment,B,UnlockIAS_2026-10-08,"[""Indian Economy""]",,20eb72b98d54ff6afff37194b31a860ab391e89276d2d0a63449570f039f2679
CDS_2021_I_GK,CDS_I_2021_GK_006,CDS,2021,I,General Knowledge,6,The percentage by which the money the borrower pays back exceeds the money that was borrowed is called as,Bank rate,Nominal interest rate,Real interest rate,Terms of credit,B,TRUSTED_SECONDARY,https://www.unlockias.in/cds-2021-i-general-knowledge,https://www.unlockias.in/cds-2021-i-general-knowledge/q6-percentage-money-borrower-pays-back-exceeds-money,B,UnlockIAS_2026-10-08,"[""Indian Economy""]",,42a023390d5cdc9c7577c5b33f308cb76183d92dbf4e009b9093fabb58e5be5c
CDS_2021_I_GK,CDS_I_2021_GK_007,CDS,2021,I,General Knowledge,7,Which one of the following statements about the Gandhi-Irwin Pact of 1931 is correct?,The Government would not release those prisoners who had been non-violent.,The Government would not release those prisoners who had indulged in the peaceful picketing of liquor and foreign cloth shops.,The Congress did not agree to the suspension of the Civil Disobedience Movement.,The Congress agreed to take part in the Second Round Table Conference.,D,TRUSTED_SECONDARY,https://www.unlockias.in/cds-2021-i-general-knowledge,https://www.unlockias.in/cds-2021-i-general-knowledge/q7-one-statements-about-gandhi-irwin-pact-1931,D,UnlockIAS_2026-10-08,"[""Modern History""]",,055f5544c233744d623def11fe04943d87acbd8c2793598039c2bc6adaa81e1b
CDS_2021_I_GK,CDS_I_2021_GK_008,CDS,2021,I,General Knowledge,8,Who among the following founded the Bhil Seva Mandal in 1922?,Dayaram Gidumal,Gurusaday Dutt,Dhondo Keshav Karve,Amritlal Vithaldas Thakkar,D,TRUSTED_SECONDARY,https://www.unlockias.in/cds-2021-i-general-knowledge,https://www.unlockias.in/cds-2021-i-general-knowledge/q8-among-founded-bhil-seva-mandal-1922,D,UnlockIAS_2026-10-08,"[""Modern History""]",,2408bb436e5da8908c0078dabbde62b215a13ceba7dde248bec33963173d7e15
CDS_2021_I_GK,CDS_I_2021_GK_009,CDS,2021,I,General Knowledge,9,"In 1911, who among the following introduced a bill in the Imperial Legislative Council for introduction of compulsory and free primary education in India?",Dadabhai Naoroji,Bal Gangadhar Tilak,Sir Harcourt Butler,Gopal Krishna Gokhale,D,TRUSTED_SECONDARY,https://www.unlockias.in/cds-2021-i-general-knowledge,https://www.unlockias.in/cds-2021-i-general-knowledge/q9-1911-among-introduced-bill-imperial-legislative-council,D,UnlockIAS_2026-10-08,"[""Modern History""]",,634072c21daa7913bc720191791613c8d7e4f086b1d6dca1175acf7af8279b67
CDS_2021_I_GK,CDS_I_2021_GK_010,CDS,2021,I,General Knowledge,10,Which one of the following statements about the Act V of 1843 relating to Slavery in India is correct?,It gave the masters the right to wilfully keep their slaves tied to their estates.,It denied the masters the use of Courts to assert their claims on slaves.,The Law Courts and masters worked jointly in resolving the cases of desertion.,The slaves became the owners of the land.,B,TRUSTED_SECONDARY,https://www.unlockias.in/cds-2021-i-general-knowledge,https://www.unlockias.in/cds-2021-i-general-knowledge/q10-one-statements-about-act-1843-relating-slavery,B,UnlockIAS_2026-10-08,"[""Modern History""]",,9b27d92b5af201cd39640cd600194b4b9f89d4c5b7df0f20fbb2f7344e32fa26
CDS_2021_I_GK,CDS_I_2021_GK_011,CDS,2021,I,General Knowledge,11,"Which Maratha statesman signed the Treaty of Bassein on December 31, 1802?",Baji Rao II,Vithuji Holkar,Daulat Rao Sindhia,Madhava Rao Narayan,A,TRUSTED_SECONDARY,https://www.unlockias.in/cds-2021-i-general-knowledge,https://www.unlockias.in/cds-2021-i-general-knowledge/q11-maratha-statesman-signed-treaty-bassein-december-1802,A,UnlockIAS_2026-10-08,"[""Modern History""]",,cdca2e830839717a9abb002a1aace00866fcc75f95ef4f5c8368f1cffef5d6ad
CDS_2021_I_GK,CDS_I_2021_GK_012,CDS,2021,I,General Knowledge,12,The Amara-Nayaka system was a major political innovation of which Indian imperial rulers?,Cholas,Chalukyas,Guptas,Vijayanagara,D,TRUSTED_SECONDARY,https://www.unlockias.in/cds-2021-i-general-knowledge,https://www.unlockias.in/cds-2021-i-general-knowledge/q12-amara-nayaka-system-major-political-innovation-indian,D,UnlockIAS_2026-10-08,"[""Medieval History""]",,371549297d24759a69dcdc39538dd053f3e6e6f743cbd30a97a7154d62854b67
CDS_2021_I_GK,CDS_I_2021_GK_013,CDS,2021,I,General Knowledge,13,KIRAN (Knowledge Involvement in Research Advancement through Nurturing) is an initiative to provide opportunities to women scientists who,had a break in their career due to family reasons.,are pursuing innovative research in life sciences.,have collaborative projects with labs in foreign countries.,have leading edge projects in Nano-Science and Technology.,A,TRUSTED_SECONDARY,https://www.unlockias.in/cds-2021-i-general-knowledge,https://www.unlockias.in/cds-2021-i-general-knowledge/q13-kiran-knowledge-involvement-research-advancement-through-nurturing,A,UnlockIAS_2026-10-08,"[""Current Affairs""]",,824ea365d078e090332d7749cf6a14c1bffe3af23852fc4e4eae6693672101dc
CDS_2021_I_GK,CDS_I_2021_GK_014,CDS,2021,I,General Knowledge,14,NIDHI is an umbrella scheme for the promotion of,young and aspiring innovators.,scientific research.,primary health care.,primary education in rural areas.,A,TRUSTED_SECONDARY,https://www.unlockias.in/cds-2021-i-general-knowledge,https://www.unlockias.in/cds-2021-i-general-knowledge/q14-nidhi-umbrella-scheme-promotion,A,UnlockIAS_2026-10-08,"[""Indian Economy""]",,6317c7e09be98677d96267c3208f13a46c54da330b163a3427c774c1f07b865b
CDS_2021_I_GK,CDS_I_2021_GK_015,CDS,2021,I,General Knowledge,15,The Saubhagya Scheme aims at universal,LPG connection.,household electrification.,primary school education.,public health insurance.,B,TRUSTED_SECONDARY,https://www.unlockias.in/cds-2021-i-general-knowledge,https://www.unlockias.in/cds-2021-i-general-knowledge/q15-saubhagya-scheme-aims-universal,B,UnlockIAS_2026-10-08,"[""Indian Economy""]",,ec9cb9cae4c862904f402782428544795d80e19e58b642844b260292ab0baf8a
CDS_2021_I_GK,CDS_I_2021_GK_016,CDS,2021,I,General Knowledge,16,Mission Indradhanush aims at,reducing child deaths due to pneumonia.,reducing the impact of rotavirus.,elimination of maternal tetanus.,full immunisation of children.,D,TRUSTED_SECONDARY,https://www.unlockias.in/cds-2021-i-general-knowledge,https://www.unlockias.in/cds-2021-i-general-knowledge/q16-mission-indradhanush-aims,D,UnlockIAS_2026-10-08,"[""Current Affairs""]",,e213c6d29266c41599ed4463b8ec9fb35c6a4a6540ff2dff97e56a970b6cd4cf
CDS_2021_I_GK,CDS_I_2021_GK_017,CDS,2021,I,General Knowledge,17,Which one of the following statements about the DDU – GKY is not correct?,It is a skill training programme.,It is for rural youth from poor families.,Its objective is placement in wage employment.,It relies entirely on skill training by Government agencies.,D,TRUSTED_SECONDARY,https://www.unlockias.in/cds-2021-i-general-knowledge,https://www.unlockias.in/cds-2021-i-general-knowledge/q17-one-statements-about-ddu-gky-correct,D,UnlockIAS_2026-10-08,"[""Indian Economy""]",,6a5bf41bd20e605a63b214d876b1e050bd274d445d8c53104353a0c3564939f2
CDS_2021_I_GK,CDS_I_2021_GK_018,CDS,2021,I,General Knowledge,18,Which of the following statements about the Pradhan Mantri Gram Sadak Yojana are correct? 1. It is part of Government of India's poverty reduction strategy. 2. It is a centrally sponsored scheme for rural development. 3. It provides connectivity in rural areas. Select the correct answer using the code given below:,"1, 2 and 3",1 and 3 only,2 and 3 only,1 and 2 only,A,TRUSTED_SECONDARY,https://www.unlockias.in/cds-2021-i-general-knowledge,https://www.unlockias.in/cds-2021-i-general-knowledge/q18-statements-about-pradhan-mantri-gram-sadak-yojana,A,UnlockIAS_2026-10-08,"[""Indian Economy""]",,b51e97b649814f616fe447920a82e5b8c6738e46a8faa6131a6daebb7c498519
CDS_2021_I_GK,CDS_I_2021_GK_019,CDS,2021,I,General Knowledge,19,India's territorial limit extends towards the sea up to,10 nautical miles,12 nautical miles,14 nautical miles,15 nautical miles,B,TRUSTED_SECONDARY,https://www.unlockias.in/cds-2021-i-general-knowledge,https://www.unlockias.in/cds-2021-i-general-knowledge/q19-india-territorial-limit-extends-towards-sea,B,UnlockIAS_2026-10-08,"[""International Relations""]",,8fdf62bbecf66a07d4bc369a5fb179b73806889d6414183ceaa65d36a27594fa
CDS_2021_I_GK,CDS_I_2021_GK_020,CDS,2021,I,General Knowledge,20,Which one of the following is a cold ocean current?,Brazilian Current,Gulf Stream,North Equatorial Current,California Current,D,TRUSTED_SECONDARY,https://www.unlockias.in/cds-2021-i-general-knowledge,https://www.unlockias.in/cds-2021-i-general-knowledge/q20-one-cold-ocean-current,D,UnlockIAS_2026-10-08,"[""Geography""]",,a10ddb73ee581e7469bddedb02fc16677da3f8a941a7a29aac553fbc3f9730e3
CDS_2021_I_GK,CDS_I_2021_GK_021,CDS,2021,I,General Knowledge,21,"Identify the type of soil on the basis of the given characteristics : 1. They are rich in lime, iron, magnesia and alumina. 2. They are generally clayey, deep and impermeable. 3. They are mainly found in Maharashtra, Madhya Pradesh and Gujarat. Select the correct answer from the given alternatives :",Laterite soil,Red and yellow soil,Saline soil,Black soil,D,TRUSTED_SECONDARY,https://www.unlockias.in/cds-2021-i-general-knowledge,https://www.unlockias.in/cds-2021-i-general-knowledge/q21-identify-type-soil-basis-characteristics-they-rich,D,UnlockIAS_2026-10-08,"[""Geography""]",,e184e351be780d8cac725f9f230786ba57ab5e564972ff2dd13bd030f078a637
CDS_2021_I_GK,CDS_I_2021_GK_022,CDS,2021,I,General Knowledge,22,"Arabica, Robusta and Liberica are varieties of which one of the following?",Coffee,Tea,Sugarcane,Cotton,A,TRUSTED_SECONDARY,https://www.unlockias.in/cds-2021-i-general-knowledge,https://www.unlockias.in/cds-2021-i-general-knowledge/q22-arabica-robusta-liberica-varieties-one,A,UnlockIAS_2026-10-08,"[""Geography""]",,b18a1ca7805c747e54059c326dbaa412a2dde15c5152950954e5b287000e8343
CDS_2021_I_GK,CDS_I_2021_GK_023,CDS,2021,I,General Knowledge,23,Aluminium is manufactured from,Copper ore,Bauxite ore,Mica ore,Manganese ore,B,TRUSTED_SECONDARY,https://www.unlockias.in/cds-2021-i-general-knowledge,https://www.unlockias.in/cds-2021-i-general-knowledge/q23-aluminium-manufactured,B,UnlockIAS_2026-10-08,"[""Geography""]",,559f9f36c6c815829e39d109d9106b300a7938d416384abe0df3989e5ac3a7b5
CDS_2021_I_GK,CDS_I_2021_GK_024,CDS,2021,I,General Knowledge,24,Which one of the following sea ports gained significance for handling iron-ore exports to Japan?,Kandla,Ennore,Kochi,Mormugao,D,TRUSTED_SECONDARY,https://www.unlockias.in/cds-2021-i-general-knowledge,https://www.unlockias.in/cds-2021-i-general-knowledge/q24-one-sea-ports-gained-significance-handling-iron,D,UnlockIAS_2026-10-08,"[""Indian Economy""]",,4e55f35e052c7e3c6c3a22d81362f882fd71c0627e66ec1845586ea7b725e47f
CDS_2021_I_GK,CDS_I_2021_GK_025,CDS,2021,I,General Knowledge,25,Which one of the following is not a function of money?,Acts as an intermediate in the exchange process,Acts as a store of value,Used as the unit of account,Used for regulating consumption,D,TRUSTED_SECONDARY,https://www.unlockias.in/cds-2021-i-general-knowledge,https://www.unlockias.in/cds-2021-i-general-knowledge/q25-one-function-money,D,UnlockIAS_2026-10-08,"[""International Relations""]",,d6933a95d72f5ec515c4d8c95ffe742da109a81b1053a01f061b51e253fd0492
CDS_2021_I_GK,CDS_I_2021_GK_026,CDS,2021,I,General Knowledge,26,The situation where the equilibrium level of real GDP falls short of potential GDP is known as,Recessionary gap,Inflationary gap,Demand-side inflation,Supply-side inflation,A,TRUSTED_SECONDARY,https://www.unlockias.in/cds-2021-i-general-knowledge,https://www.unlockias.in/cds-2021-i-general-knowledge/q26-situation-equilibrium-level-real-gdp-falls-short,A,UnlockIAS_2026-10-08,"[""Indian Economy""]",,23ae588180688efb15d4753d1bf6a44e825488af9d78f571955699f875fd969d
CDS_2021_I_GK,CDS_I_2021_GK_027,CDS,2021,I,General Knowledge,27,"The excess of total expenditure of Government over its total receipts, excluding borrowings, is known as",primary deficit,fiscal deficit,Current deficit,capital deficit,B,TRUSTED_SECONDARY,https://www.unlockias.in/cds-2021-i-general-knowledge,https://www.unlockias.in/cds-2021-i-general-knowledge/q27-excess-total-expenditure-government-over-total-receipts,B,UnlockIAS_2026-10-08,"[""Indian Economy""]",,d124f42f2f767aa3c79d161dcf1cd5a3b5311805352f4428390fc7feda2ed2f8
CDS_2021_I_GK,CDS_I_2021_GK_028,CDS,2021,I,General Knowledge,28,Exchange rates state the value of one currency in terms of other currencies. Which one of the following statements with respect to the exchange rate of currency is correct ?,Floating exchange rates are rates in which the Governments interfere by buying or selling their currencies.,Fixed exchange rates are rates set by Government decisions and maintained by Government actions.,"Under the Bretton Woods System, the exchange rates are floated in terms of rise or fall in price of gold.","Under the classical gold standard, the exchange rates are fixed in terms of price of dollar.",B,TRUSTED_SECONDARY,https://www.unlockias.in/cds-2021-i-general-knowledge,https://www.unlockias.in/cds-2021-i-general-knowledge/q28-exchange-rates-state-value-one-currency-terms,B,UnlockIAS_2026-10-08,"[""Indian Economy""]",,dd19b417b940e092cb8e0999c41c43f7fa3fdbaa5ba48bcb11f408d0d8de7dd5
CDS_2021_I_GK,CDS_I_2021_GK_029,CDS,2021,I,General Knowledge,29,François Bernier was physician to,Prince Murad,Princess Jahanara,Emperor Shah Jahan,Prince Dara Shikoh,D,TRUSTED_SECONDARY,https://www.unlockias.in/cds-2021-i-general-knowledge,https://www.unlockias.in/cds-2021-i-general-knowledge/q29-fran-ois-bernier-physician,D,UnlockIAS_2026-10-08,"[""Medieval History""]",,3069c7c31ae39d2d44e6b0820d7b6cd75f7dc6f4cc38b8cce40afb54825e4aef
CDS_2021_I_GK,CDS_I_2021_GK_030,CDS,2021,I,General Knowledge,30,Which one of the following British firms was taken over by Soorajmull-Nagarmull group?,McLeod,Octavius Steel,Davenport,Andrew Yule,A,TRUSTED_SECONDARY,https://www.unlockias.in/cds-2021-i-general-knowledge,https://www.unlockias.in/cds-2021-i-general-knowledge/q30-one-british-firms-taken-over-soorajmull-nagarmull,A,UnlockIAS_2026-10-08,"[""Modern History""]",,47f6fa5ce9f521631941d09915830ab0a75cc7a256ef2b0db8491d12f16d8864
CDS_2021_I_GK,CDS_I_2021_GK_031,CDS,2021,I,General Knowledge,31,Which one of the following statements with regard to ryotwari settlement is not correct?,"In southern and western India, the ryotwari settlement was adopted.",Ryotwari was in principle a direct contract between the ryot and the state.,It means a tax contract valid for usually 30 years.,"In principle, it strengthened the former elite, the zamindars and weakened the peasantry.",D,TRUSTED_SECONDARY,https://www.unlockias.in/cds-2021-i-general-knowledge,https://www.unlockias.in/cds-2021-i-general-knowledge/q31-one-statements-regard-ryotwari-settlement-correct,D,UnlockIAS_2026-10-08,"[""Modern History""]",,8a835e7eedf68cd7a80b510ce7fa374deb93b3eb2a205f492ddc7b199d91ea34
CDS_2021_I_GK,CDS_I_2021_GK_032,CDS,2021,I,General Knowledge,32,Which one of the following statements about the British Indian Medical Service (IMS) is not correct?,IMS began in 1764.,It recruited health professionals by means of a competitive examination.,Indians were never admitted to IMS.,The IMS was at first meant to look after the troops.,C,TRUSTED_SECONDARY,https://www.unlockias.in/cds-2021-i-general-knowledge,https://www.unlockias.in/cds-2021-i-general-knowledge/q32-one-statements-about-british-indian-medical-service,C,UnlockIAS_2026-10-08,"[""Modern History""]",,efe727229da2898790e8efa8c0a6324efde4a96444d11ef85c0547743890bdbf
CDS_2021_I_GK,CDS_I_2021_GK_033,CDS,2021,I,General Knowledge,33,When was the monopoly of China trade lost by East India Company?,1813,1833,1838,1860,B,TRUSTED_SECONDARY,https://www.unlockias.in/cds-2021-i-general-knowledge,https://www.unlockias.in/cds-2021-i-general-knowledge/q33-monopoly-china-trade-lost-east-india-company,B,UnlockIAS_2026-10-08,"[""Modern History""]",,9951c4b37c6d4ac45849903bd6af1ec9e08f9746d9392e740d3285ae0cda5bd2
CDS_2021_I_GK,CDS_I_2021_GK_034,CDS,2021,I,General Knowledge,34,National Disaster Management Authority is headed by,the Prime Minister.,the Home Minister.,the President.,the Health Minister.,A,TRUSTED_SECONDARY,https://www.unlockias.in/cds-2021-i-general-knowledge,https://www.unlockias.in/cds-2021-i-general-knowledge/q34-national-disaster-management-authority-headed,A,UnlockIAS_2026-10-08,"[""Indian Polity""]",,632811786782c965158b65f60cfa8cb321c029d3b4f06bb25f9da6b6520900c6
CDS_2021_I_GK,CDS_I_2021_GK_035,CDS,2021,I,General Knowledge,35,Which of the following statements regarding the ‘casting vote’ in the Parliament is/are correct? 1. It is cast by the speaker or a person acting as such. 2. It is cast in addition to voting in the first instance. 3. It is cast in the case of equality of votes. 4. It is always cast to maintain the status quo. Select the correct answer using the code given below:,"1, 2 and 3 only",1 and 3 only,2 and 4 only,3 only,B,TRUSTED_SECONDARY,https://www.unlockias.in/cds-2021-i-general-knowledge,https://www.unlockias.in/cds-2021-i-general-knowledge/q35-statements-regarding-casting-vote-parliament-correct-cast,B,UnlockIAS_2026-10-08,"[""Indian Polity""]",,dfd735c92f4d7c102a6d2386b73772b4d9a9b5e420f412460e3715b66dde0d40
CDS_2021_I_GK,CDS_I_2021_GK_036,CDS,2021,I,General Knowledge,36,Equality before the law or equal protection of the laws within the territory of India is guaranteed under which one of the following Articles of the Constitution of India?,Article 14,Article 15,Article 16,Article 22,A,TRUSTED_SECONDARY,https://www.unlockias.in/cds-2021-i-general-knowledge,https://www.unlockias.in/cds-2021-i-general-knowledge/q36-equality-before-law-equal-protection-laws-within,A,UnlockIAS_2026-10-08,"[""Indian Polity""]",,6588b064842b32b5cf16cd7ee5376a69a217394b11655752c82b517281d3853a
CDS_2021_I_GK,CDS_I_2021_GK_037,CDS,2021,I,General Knowledge,37,'Legal Positivism' theory was developed by,T.H. Green,Thomas Hobbes,John Austin,Patrick Devlin,C,TRUSTED_SECONDARY,https://www.unlockias.in/cds-2021-i-general-knowledge,https://www.unlockias.in/cds-2021-i-general-knowledge/q37-legal-positivism-theory-developed,C,UnlockIAS_2026-10-08,"[""Indian Polity""]",,810541f22c9e65e35f301c2b9fdeb916daec614f2a472f85efb0a1bffa21131d
CDS_2021_I_GK,CDS_I_2021_GK_038,CDS,2021,I,General Knowledge,38,Who among the following said that Democracy means a system of 'Government by Consent'?,John Locke,J.S. Mill,Jeremy Bentham,J.J. Rousseau,A,TRUSTED_SECONDARY,https://www.unlockias.in/cds-2021-i-general-knowledge,https://www.unlockias.in/cds-2021-i-general-knowledge/q38-among-said-democracy-means-system-government-consent,A,UnlockIAS_2026-10-08,"[""Indian Polity""]",,6041129484a6b57041c4bc7927c34f89af7fe92fc9a8208d46b722ac73afebbb
CDS_2021_I_GK,CDS_I_2021_GK_039,CDS,2021,I,General Knowledge,39,Milpa and Ladang are different names for,shifting cultivation,mixed farming,truck farming,plantation agriculture,A,TRUSTED_SECONDARY,https://www.unlockias.in/cds-2021-i-general-knowledge,https://www.unlockias.in/cds-2021-i-general-knowledge/q39-milpa-ladang-different-names,A,UnlockIAS_2026-10-08,"[""Geography""]",,2a2bab0e963a23d74ea3b9e94cbb2644bf160580b12ccd0be5f63a2ce7098fdb
CDS_2021_I_GK,CDS_I_2021_GK_040,CDS,2021,I,General Knowledge,40,"Which one of the following approaches of human development was initially proposed by the International Labour Organisation (ILO) and emphasised on health, education, food, water supply, sanitation and housing?",Welfare approach,Basic needs approach,Income approach,Capability approach,B,TRUSTED_SECONDARY,https://www.unlockias.in/cds-2021-i-general-knowledge,https://www.unlockias.in/cds-2021-i-general-knowledge/q40-one-approaches-human-development-initially-proposed-international,B,UnlockIAS_2026-10-08,"[""Science & Technology""]",,70e0ffe22e32bd2ae1e9a095ea095d80bf59216b3d8f92745c756d0819af7872
CDS_2021_I_GK,CDS_I_2021_GK_041,CDS,2021,I,General Knowledge,41,Which one of the following tributaries of river Indus feeds the canal system of the Bhakra Nangal Project?,Chenab,Satluj,Ravi,Jhelum,B,TRUSTED_SECONDARY,https://www.unlockias.in/cds-2021-i-general-knowledge,https://www.unlockias.in/cds-2021-i-general-knowledge/q41-one-tributaries-river-indus-feeds-canal-system,B,UnlockIAS_2026-10-08,"[""Geography""]",,ab9b33f595be08166a54fde02880f86c4dbfc44525fa516e44785f38c2d63b71
CDS_2021_I_GK,CDS_I_2021_GK_042,CDS,2021,I,General Knowledge,42,"When the rivers discharge their waters from all directions into a lake or depression, the pattern is known as",Trellis,Dendritic,Radial,Centripetal,D,TRUSTED_SECONDARY,https://www.unlockias.in/cds-2021-i-general-knowledge,https://www.unlockias.in/cds-2021-i-general-knowledge/q42-rivers-discharge-waters-all-directions-lake-depression,D,UnlockIAS_2026-10-08,"[""Geography""]",,9e0e9a794fdc4dc9d6d19de7e1aaacf295f30278d54efac68979a483d6dd4763
CDS_2021_I_GK,CDS_I_2021_GK_043,CDS,2021,I,General Knowledge,43,Which one of the following statements about the Coriolis force is not correct?,It is maximum at the Poles.,It is absent at the Equator.,It deflects the wind to the right direction in the southern hemisphere.,It deflects the wind to the right direction in the northern hemisphere.,C,TRUSTED_SECONDARY,https://www.unlockias.in/cds-2021-i-general-knowledge,https://www.unlockias.in/cds-2021-i-general-knowledge/q43-one-statements-about-coriolis-force-correct,C,UnlockIAS_2026-10-08,"[""Geography""]",,900a68ea5d49331730f03a94e5008a9ff63a0ddcc251e98f2d95edb02715aae5
CDS_2021_I_GK,CDS_I_2021_GK_044,CDS,2021,I,General Knowledge,44,Chronologically arrange the following treaties/conventions signed between the Marathas and the British (starting with the earliest) : 1. Treaty of Salbai 2. Treaty of Purandar 3. Convention of Wadgaon 4. Treaty of Surat Select the correct answer using the code given below :,4-2-3-1,4-3-2-1,1-3-2-4,1-2-3-4,A,TRUSTED_SECONDARY,https://www.unlockias.in/cds-2021-i-general-knowledge,https://www.unlockias.in/cds-2021-i-general-knowledge/q44-chronologically-arrange-treaties-conventions-signed-between-marathas,A,UnlockIAS_2026-10-08,"[""Modern History""]",,501c35be7589d0ffa160ca2a72b818d3b62eb296231cae991fa02f2685464f70
CDS_2021_I_GK,CDS_I_2021_GK_045,CDS,2021,I,General Knowledge,45,"Which of the following statements about the Sanyasi and Faqir disturbances/rebellions are correct? 1. Governor-General Warren Hastings faced the persistent Sanyasi and Faqir disturbances in Bengal and Bihar. 2. There were a number of Shaivite Naga Sanyasis who formed into armed bands. 3. Majnu Shah, who led bands into Bengal from 1771, was their prominent leader. Select the correct answer using the code given below:",1 and 2 only,"1, 2 and 3",2 and 3 only,1 and 3 only,B,TRUSTED_SECONDARY,https://www.unlockias.in/cds-2021-i-general-knowledge,https://www.unlockias.in/cds-2021-i-general-knowledge/q45-statements-about-sanyasi-faqir-disturbances-rebellions-correct,B,UnlockIAS_2026-10-08,"[""Modern History""]",,9b1d7b4ffa7d2fd8a300c218644f16c41e5c7f2e201a14aae0d527b348c4f772
CDS_2021_I_GK,CDS_I_2021_GK_046,CDS,2021,I,General Knowledge,46,"In 1943, young leaders in which one of the following districts of Maharashtra set up a parallel Government (prati sarkar) with volunteer corps (seva dals) and village units (tufan dals)?",Pune,Nasik,Nagpur,Satara,D,TRUSTED_SECONDARY,https://www.unlockias.in/cds-2021-i-general-knowledge,https://www.unlockias.in/cds-2021-i-general-knowledge/q46-1943-young-leaders-one-districts-maharashtra-set,D,UnlockIAS_2026-10-08,"[""Modern History""]",,96eb7a1df398e16a74300fbae6e630b936d4d44f76570e9f60bd50c0703e86f1
CDS_2021_I_GK,CDS_I_2021_GK_047,CDS,2021,I,General Knowledge,47,Who founded the Central Hindu School at Benaras which was later developed into Benaras Hindu University?,Madan Mohan Malaviya,Annie Besant,Ishwar Chandra Vidyasagar,Madame H.P. Blavatsky,B,TRUSTED_SECONDARY,https://www.unlockias.in/cds-2021-i-general-knowledge,https://www.unlockias.in/cds-2021-i-general-knowledge/q47-founded-central-hindu-school-benaras-later-developed,B,UnlockIAS_2026-10-08,"[""Modern History""]",,06c77bcb28ffb180a5f7ab32ba2c60ea22df5c896df4db1ec3a33e9918470cd3
CDS_2021_I_GK,CDS_I_2021_GK_048,CDS,2021,I,General Knowledge,48,Which one among the following is not a feature of centralization?,National unity,Uniformity,Prosperity,Liberty,D,TRUSTED_SECONDARY,https://www.unlockias.in/cds-2021-i-general-knowledge,https://www.unlockias.in/cds-2021-i-general-knowledge/q48-one-among-feature-centralization,D,UnlockIAS_2026-10-08,"[""International Relations""]",,2a4d1410406138b12b3a70f8bf717278d667f9ef2ded473fa331e2daf64a7e82
CDS_2021_I_GK,CDS_I_2021_GK_049,CDS,2021,I,General Knowledge,49,Which one of the following is not an objective of NITI Aayog?,It provides a critical direction and strategic input for development process.,It functions as a 'think tank' in providing key elements of policy.,It monitors and evaluates the implementation of the programmes.,It offers a platform for resolution of inter-state conflicts as 'provider of first and last resort'.,D,TRUSTED_SECONDARY,https://www.unlockias.in/cds-2021-i-general-knowledge,https://www.unlockias.in/cds-2021-i-general-knowledge/q49-one-objective-niti-aayog,D,UnlockIAS_2026-10-08,"[""Indian Polity""]",,94f62b8a6624dd388c2a650e11f2208713b6fb0af9c408e22e414a4d6e7a7cb2
CDS_2021_I_GK,CDS_I_2021_GK_050,CDS,2021,I,General Knowledge,50,Article 231 of the Constitution of India grants power to establish a common High Court for two or more states to,the Parliament.,the Supreme Court.,the President of India.,the Union Cabinet.,A,TRUSTED_SECONDARY,https://www.unlockias.in/cds-2021-i-general-knowledge,https://www.unlockias.in/cds-2021-i-general-knowledge/q50-article-231-constitution-india-grants-power-establish,A,UnlockIAS_2026-10-08,"[""Indian Polity""]",,013fec386585a8e1ca19c8a34a517da145bb88282f4f57719d218735446cba0a
CDS_2021_I_GK,CDS_I_2021_GK_051,CDS,2021,I,General Knowledge,51,Which one among the following motions cannot be made while introducing an ordinary Bill in the Parliament?,That the Bill be taken into consideration,That the Bill be circulated for the purpose of eliciting public opinion,That the Bill be referred to a Select Committee,That the Bill be referred to a Joint Committee of the House without the concurrence of the other House,D,TRUSTED_SECONDARY,https://www.unlockias.in/cds-2021-i-general-knowledge,https://www.unlockias.in/cds-2021-i-general-knowledge/q51-one-among-motions-cannot-made-while-introducing,D,UnlockIAS_2026-10-08,"[""Indian Polity""]",,7c172ebe6322f5c6c2df48b2bda73d7c2c9afa5d9aa54dff9068653e5f0824cc
CDS_2021_I_GK,CDS_I_2021_GK_052,CDS,2021,I,General Knowledge,52,Which one among the following was eliminated by the 44th Amendment Act of the Parliament?,Right against Exploitation,Right to Constitutional Remedies,Right to Property,Right to Education,C,TRUSTED_SECONDARY,https://www.unlockias.in/cds-2021-i-general-knowledge,https://www.unlockias.in/cds-2021-i-general-knowledge/q52-one-among-eliminated-44th-amendment-act-parliament,C,UnlockIAS_2026-10-08,"[""Indian Polity""]",,b476cbee0962ab80a6538db76170f9b0455353820fb63e113b1b520b6952be92
CDS_2021_I_GK,CDS_I_2021_GK_053,CDS,2021,I,General Knowledge,53,"Identify the crop on the basis of the following characteristics: 1. It is a kharif crop. 2. Aus, Aman and Boro are its three different growing periods in an agricultural year. 3. About one-fourth of the total cropped area of India is under its cultivation. Select the correct answer using the code given below.",Wheat,Rice,Pulses,Cotton,B,TRUSTED_SECONDARY,https://www.unlockias.in/cds-2021-i-general-knowledge,https://www.unlockias.in/cds-2021-i-general-knowledge/q53-identify-crop-basis-characteristics-kharif-crop-aus,B,UnlockIAS_2026-10-08,"[""Geography""]",,ca130f4b6b28c33f139a5380d089f4dc74d3248498808a529f735365c469590c
CDS_2021_I_GK,CDS_I_2021_GK_054,CDS,2021,I,General Knowledge,54,Which one of the following is a type of igneous rock?,Marble,Halite,Granite,Shale,C,TRUSTED_SECONDARY,https://www.unlockias.in/cds-2021-i-general-knowledge,https://www.unlockias.in/cds-2021-i-general-knowledge/q54-one-type-igneous-rock,C,UnlockIAS_2026-10-08,"[""Geography""]",,5a7fd50ee8cb04eaa432b1ec7f99f62c4b1335ad844e17ab1998ead8c25e0107
CDS_2021_I_GK,CDS_I_2021_GK_055,CDS,2021,I,General Knowledge,55,"Ozone layer, which absorbs the ultra-violet radiation, is found in which one of the following layers of the atmosphere?",Ionosphere,Troposphere,Mesosphere,Stratosphere,D,TRUSTED_SECONDARY,https://www.unlockias.in/cds-2021-i-general-knowledge,https://www.unlockias.in/cds-2021-i-general-knowledge/q55-ozone-layer-absorbs-ultra-violet-radiation-found,D,UnlockIAS_2026-10-08,"[""Geography""]",,7a4c5c1c5027bee9730d2110448b41abcc567522ab2528f48f434aeff7c3e267
CDS_2021_I_GK,CDS_I_2021_GK_056,CDS,2021,I,General Knowledge,56,Which one of the following statements about primary waves of earthquakes is not correct?,They are similar to sound waves.,They can travel only through solid materials.,"They travel through gaseous, liquid and solid materials.",They move faster and are the first to arrive at the surface.,B,TRUSTED_SECONDARY,https://www.unlockias.in/cds-2021-i-general-knowledge,https://www.unlockias.in/cds-2021-i-general-knowledge/q56-one-statements-about-primary-waves-earthquakes-correct,B,UnlockIAS_2026-10-08,"[""Geography""]",,384e107e47e1071b28117a399867170bb172d0682c3e472f5a57f7d92516fede
CDS_2021_I_GK,CDS_I_2021_GK_057,CDS,2021,I,General Knowledge,57,Alluvial soils vary in nature from sandy loam to clay. They are generally,poor in potash and rich in phosphorus.,poor in both potash and phosphorus.,rich in both potash and phosphorus.,rich in potash and poor in phosphorus.,D,TRUSTED_SECONDARY,https://www.unlockias.in/cds-2021-i-general-knowledge,https://www.unlockias.in/cds-2021-i-general-knowledge/q57-alluvial-soils-vary-nature-sandy-loam-clay,D,UnlockIAS_2026-10-08,"[""Geography""]",,9cadb115924d5f07836a2ca4861ff2dfd1bac99dee39e69a3dd04f0a02bffd2c
CDS_2021_I_GK,CDS_I_2021_GK_058,CDS,2021,I,General Knowledge,58,Who among the following was popularly known as 'Lokahitwadi'?,Gopal Hari Deshmukh,Mahadev Govind Ranade,Gopal Krishna Gokhale,Jyotiba Phule,A,TRUSTED_SECONDARY,https://www.unlockias.in/cds-2021-i-general-knowledge,https://www.unlockias.in/cds-2021-i-general-knowledge/q58-among-popularly-known-lokahitwadi,A,UnlockIAS_2026-10-08,"[""Modern History""]",,1a184d1db35eacaf903a6c52f2ca05db2655a7500204977c43f3b1c8495a8305
CDS_2021_I_GK,CDS_I_2021_GK_059,CDS,2021,I,General Knowledge,59,Who among the following socialist activists persuaded Gandhiji not to restrict the salt march protest to men alone?,Kamaladevi Chattopadhyay,Sarojini Naidu,Matangini Hazra,Mithuben Petit,A,TRUSTED_SECONDARY,https://www.unlockias.in/cds-2021-i-general-knowledge,https://www.unlockias.in/cds-2021-i-general-knowledge/q59-among-socialist-activists-persuaded-gandhiji-restrict-salt,A,UnlockIAS_2026-10-08,"[""Modern History""]",,e0e9d018fa156536d1a894f2f0c590a209a85ee12be4a718a83c2dd32254b095
CDS_2021_I_GK,CDS_I_2021_GK_060,CDS,2021,I,General Knowledge,60,Which one of the following painters was not associated with Humayun?,Mir Sayyid Ali,Maulana Dost Musawir,Maulana Yusuf,Bihzad,D,TRUSTED_SECONDARY,https://www.unlockias.in/cds-2021-i-general-knowledge,https://www.unlockias.in/cds-2021-i-general-knowledge/q60-one-painters-associated-humayun,D,UnlockIAS_2026-10-08,"[""Medieval History""]",,1538d7243e5cdd128db6a956acbbe18d83e1f7de52fcea0c41fc38b52d053956
CDS_2021_I_GK,CDS_I_2021_GK_061,CDS,2021,I,General Knowledge,61,Match List I with List II and select the correct answer using the code given below the lists: List I (Author) A. Brindavan Das B. Krishnadas Kaviraj C. Mukundaram Chakravarti D. Rameshwar Bhattacharya List II (Poetical work) 1. Shivasankirttan 2. Chandimangal 3. Chaitanyacharitamrita 4. Chaitanyamangal,4 2 3 1,4 3 2 1,1 3 2 4,1 2 3 4,B,TRUSTED_SECONDARY,https://www.unlockias.in/cds-2021-i-general-knowledge,https://www.unlockias.in/cds-2021-i-general-knowledge/q61-match-list-list-select-correct-answer-using,B,UnlockIAS_2026-10-08,"[""Science & Technology""]",,851851eabdbf59c47e3497d596fd911006438f32d997bdb87b88e84574b48003
CDS_2021_I_GK,CDS_I_2021_GK_062,CDS,2021,I,General Knowledge,62,Which one of the following scholars of Akbar's court translated Bhaskaracharya's Lilavati into Persian?,Abul Fazl,Faizi,Fathullah Shirazi,Ataullah Rashidi,B,TRUSTED_SECONDARY,https://www.unlockias.in/cds-2021-i-general-knowledge,https://www.unlockias.in/cds-2021-i-general-knowledge/q62-one-scholars-akbar-court-translated-bhaskaracharya-lilavati,B,UnlockIAS_2026-10-08,"[""Medieval History""]",,35f84c2949f27a6ed7dbc00d9b8222e424d5393e3757f804e954d10f14ffab10
CDS_2021_I_GK,CDS_I_2021_GK_063,CDS,2021,I,General Knowledge,63,Who among the following was the Chairman of the National Commission for Review of the Working of the Constitution (2000)?,Justice M.N. Venkatachaliah,Justice J.S. Verma,Justice Ranganath Mishra,Justice Y.K. Sabharwal,A,TRUSTED_SECONDARY,https://www.unlockias.in/cds-2021-i-general-knowledge,https://www.unlockias.in/cds-2021-i-general-knowledge/q63-among-chairman-national-commission-review-working-constitution,A,UnlockIAS_2026-10-08,"[""Indian Polity""]",,8a99087f688210d6b5fb87c288cecce5947c9b6688388682e553c31c99aea3ca
CDS_2021_I_GK,CDS_I_2021_GK_064,CDS,2021,I,General Knowledge,64,M.M. Punchhi Commission on Centre-State Relations has recommended the disposal of a bill reserved for the consideration of the Union Executive within,four months.,six months.,eight months.,five months.,B,TRUSTED_SECONDARY,https://www.unlockias.in/cds-2021-i-general-knowledge,https://www.unlockias.in/cds-2021-i-general-knowledge/q64-punchhi-commission-centre-state-relations-recommended-disposal,B,UnlockIAS_2026-10-08,"[""Indian Polity""]",,eddc6b0419ced6c983c4221faad93897482c7041ccf4e6e0205ffbaaf28d9575
CDS_2021_I_GK,CDS_I_2021_GK_065,CDS,2021,I,General Knowledge,65,Who among the following founded the Marathi newspaper 'Kesari'?,Lokmanya Tilak,Vallabhbhai Patel,Lala Lajpat Rai,Mahatma Gandhi,A,TRUSTED_SECONDARY,https://www.unlockias.in/cds-2021-i-general-knowledge,https://www.unlockias.in/cds-2021-i-general-knowledge/q65-among-founded-marathi-newspaper-kesari,A,UnlockIAS_2026-10-08,"[""Modern History""]",,5144c1824c7676f0798a8f4d659d72ebdd712e294837c4fac77dc0d15ee49fa0
CDS_2021_I_GK,CDS_I_2021_GK_066,CDS,2021,I,General Knowledge,66,Which mega public sector undertaking is designated with 'Navratna' status?,IndianOil Corporation Limited,Gas Authority of India Limited,Bharat Petroleum Corporation Limited,Bharat Electronics Limited,D,TRUSTED_SECONDARY,https://www.unlockias.in/cds-2021-i-general-knowledge,https://www.unlockias.in/cds-2021-i-general-knowledge/q66-mega-public-sector-undertaking-designated-navratna-status,D,UnlockIAS_2026-10-08,"[""Indian Economy""]",,e3e58b24655f349239c9df207465b396d6585d192c1fda53303edd1822249d88
CDS_2021_I_GK,CDS_I_2021_GK_067,CDS,2021,I,General Knowledge,67,Which of the following statements with regard to the creation of a new state or alteration of boundaries of states is/are correct? 1. An amendment has to be moved in the Parliament under Article 368 of the Constitution of India. 2. Ratification by one half of the states is necessary after the amendment is made by the Parliament. 3. The legislation can be passed by a simple majority of both Houses of Parliament. Select the correct answer using the code given below.,1 and 3 only,2 only,3 only,2 and 3 only,C,TRUSTED_SECONDARY,https://www.unlockias.in/cds-2021-i-general-knowledge,https://www.unlockias.in/cds-2021-i-general-knowledge/q67-statements-regard-creation-new-state-alteration-boundaries,C,UnlockIAS_2026-10-08,"[""Indian Polity""]",,de6338a8ef807651c8d0ffb27ff328b97f20e65cb8f6d691455039d0185d6fdb
CDS_2021_I_GK,CDS_I_2021_GK_068,CDS,2021,I,General Knowledge,68,Which one of the following is the largest linguistic group of India?,Sino-Tibetan,Austric,Indo-Aryan,Dravidian,C,TRUSTED_SECONDARY,https://www.unlockias.in/cds-2021-i-general-knowledge,https://www.unlockias.in/cds-2021-i-general-knowledge/q68-one-largest-linguistic-group-india,C,UnlockIAS_2026-10-08,"[""Geography""]",,299c397b364bffc8135d8ed600ba25f6d6f4650fff35c1657bd1f140c6dca1df
CDS_2021_I_GK,CDS_I_2021_GK_069,CDS,2021,I,General Knowledge,69,Which one of the following water bodies separates the Andaman and the Nicobar islands?,Gulf of Mannar,Ten Degree Channel,Eleven Degree Channel,Palk Strait,B,TRUSTED_SECONDARY,https://www.unlockias.in/cds-2021-i-general-knowledge,https://www.unlockias.in/cds-2021-i-general-knowledge/q69-one-water-bodies-separates-andaman-nicobar-islands,B,UnlockIAS_2026-10-08,"[""Geography""]",,43e848d516fab6f9d5b2a0a386681fdc1da6ffe778083b2c7627724f6adc6aed
CDS_2021_I_GK,CDS_I_2021_GK_070,CDS,2021,I,General Knowledge,70,Which one of the following longitudes is the standard meridian of India?,83°30' E,82°30' E,82°30' W,83°30' W,B,TRUSTED_SECONDARY,https://www.unlockias.in/cds-2021-i-general-knowledge,https://www.unlockias.in/cds-2021-i-general-knowledge/q70-one-longitudes-standard-meridian-india,B,UnlockIAS_2026-10-08,"[""Geography""]",,91db72e9bc28ba5665b98fea1621a65dea3a992c3c2fadf0aa50bdc69c8655de
CDS_2021_I_GK,CDS_I_2021_GK_071,CDS,2021,I,General Knowledge,71,Match List I with List II and select the correct answer using the code given below the lists: List I (Tropical Cyclones) A. Cyclones B. Hurricanes C. Typhoons D. Willy-willies List II (Region) 1. Western Australia 2. South China Sea 3. Indian Ocean 4. Atlantic Ocean Code:,"3, 2, 4, 1","3, 4, 2, 1","1, 4, 2, 3","1, 2, 4, 3",B,TRUSTED_SECONDARY,https://www.unlockias.in/cds-2021-i-general-knowledge,https://www.unlockias.in/cds-2021-i-general-knowledge/q71-match-list-list-select-correct-answer-using,B,UnlockIAS_2026-10-08,"[""Geography""]",,345036064f58d83b4d39764859aef4f3dafe7265935ab3123654d200927f403b
CDS_2021_I_GK,CDS_I_2021_GK_072,CDS,2021,I,General Knowledge,72,Which of the following is/are social security scheme(s)? 1. Atal Pension Yojana 2. Pradhan Mantri Jeevan Jyoti Bima Yojana 3. Pradhan Mantri Suraksha Bima Yojana Select the correct answer using the code given below:,1 only,2 and 3 only,"1, 2 and 3",1 and 3 only,C,TRUSTED_SECONDARY,https://www.unlockias.in/cds-2021-i-general-knowledge,https://www.unlockias.in/cds-2021-i-general-knowledge/q72-social-security-scheme-atal-pension-yojana-pradhan,C,UnlockIAS_2026-10-08,"[""Current Affairs""]",,85027f37921df0bb0dc4a2975fcf6cac88db6bf005369f00ce06029b7a064cde
CDS_2021_I_GK,CDS_I_2021_GK_073,CDS,2021,I,General Knowledge,73,Which one of the following units is not a part of All India Radio’s Transcription and Programme Exchange Service?,Central Archives,Sound Archives,Advanced Research Unit,Transcription Unit,C,TRUSTED_SECONDARY,https://www.unlockias.in/cds-2021-i-general-knowledge,https://www.unlockias.in/cds-2021-i-general-knowledge/q73-one-units-part-all-india-radio-transcription,C,UnlockIAS_2026-10-08,"[""Science & Technology""]",,3632001263cc0c0934bc6a5e48f82d0f8df655f0604be35a5ce84c699f0d4164
CDS_2021_I_GK,CDS_I_2021_GK_074,CDS,2021,I,General Knowledge,74,Which of the following statements about the Panchayati Raj System are correct? 1. All seats in a Panchayat are filled by persons chosen by direct election. 2. The ‘Gram Sabha’ consists of persons registered in the village electoral rolls. 3. The Chairperson of a Panchayat is elected in accordance with a law passed by each state. 4. All states in India have a three-tier system of Panchayats. Select the correct answer using the code given below:,1 and 4 only,"1, 2 and 3 only",2 and 3 only,"2, 3 and 4 only",B,TRUSTED_SECONDARY,https://www.unlockias.in/cds-2021-i-general-knowledge,https://www.unlockias.in/cds-2021-i-general-knowledge/q74-statements-about-panchayati-raj-system-correct-all,B,UnlockIAS_2026-10-08,"[""Indian Polity""]",,9c4f043de91135a891e65c0c0979e81fe16b91dbfb048a32f49ef22164c24745
CDS_2021_I_GK,CDS_I_2021_GK_075,CDS,2021,I,General Knowledge,75,Which of the following statements is/are correct? 1. The elections to the Panchayat are conducted by the State Election Commission. 2. The State Election Commissioner is appointed by the Chief Election Commissioner of India. 3. The State Legislatures have the power to make laws on all matters relating to Panchayat elections. Select the correct answer using the code given below:,2 only,1 and 2 only,"1, 2 and 3",1 and 3 only,D,TRUSTED_SECONDARY,https://www.unlockias.in/cds-2021-i-general-knowledge,https://www.unlockias.in/cds-2021-i-general-knowledge/q75-statements-correct-elections-panchayat-conducted-state-election,D,UnlockIAS_2026-10-08,"[""Indian Polity""]",,917d407df4f144dd1d0aa0fc2c3dcecf0afa9ed8967b6ad9bbc5e2ef2fccb4cc
CDS_2021_I_GK,CDS_I_2021_GK_076,CDS,2021,I,General Knowledge,76,Which one of the following is not a correct description of the Union Cabinet?,It is part of the Parliament.,It is responsible to the Parliament.,It remains in power till it enjoys the confidence of the Parliament.,A person from outside the Parliament can never be appointed a member of the Cabinet.,X,TRUSTED_SECONDARY,https://www.unlockias.in/cds-2021-i-general-knowledge,https://www.unlockias.in/cds-2021-i-general-knowledge/q76-one-correct-description-union-cabinet,This question was cancelled by the commission (marks awarded to all).,UnlockIAS_2026-10-08,"[""Indian Polity""]",,13a2fa1370279ca5a8339e1fb37b5dfbca8ac5460fbb74066a9b7cf22107f9d5
CDS_2021_I_GK,CDS_I_2021_GK_077,CDS,2021,I,General Knowledge,77,Which one of the following statements about the composition of the Parliament is not correct?,Representatives of the states in Rajya Sabha are elected directly by the people.,Representatives from Union Territories in Lok Sabha are chosen by direct elections.,Rajya Sabha has 12 nominated members.,Lok Sabha has seats reserved for SCs and STs.,A,TRUSTED_SECONDARY,https://www.unlockias.in/cds-2021-i-general-knowledge,https://www.unlockias.in/cds-2021-i-general-knowledge/q77-one-statements-about-composition-parliament-correct,A,UnlockIAS_2026-10-08,"[""Indian Polity""]",,591dc6ffca8650937aef7e6179c7e476a217403f4261aa688d02c6f2b68418ee
CDS_2021_I_GK,CDS_I_2021_GK_078,CDS,2021,I,General Knowledge,78,Which among the following fundamental rights is/are available to non-citizens? 1. Freedom of speech 2. Protection against self-incrimination 3. Freedom of conscience 4. Non-discrimination in matters of employment Select the correct answer using the code given below:,"1, 2 and 3 only","1, 3 and 4 only",2 and 3 only,2 only,C,TRUSTED_SECONDARY,https://www.unlockias.in/cds-2021-i-general-knowledge,https://www.unlockias.in/cds-2021-i-general-knowledge/q78-among-fundamental-rights-available-non-citizens-freedom,C,UnlockIAS_2026-10-08,"[""Indian Polity""]",,28f14d2b89312cee5c17efa1c954ca7851d450e10377cf9cd47e9fde6c61d50f
CDS_2021_I_GK,CDS_I_2021_GK_079,CDS,2021,I,General Knowledge,79,Which one of the following statements about the Vice-President of India is not correct?,He is not eligible for re-election.,He must not be less than 35 years of age.,He is elected by members of an electoral college consisting of members of both Houses of Parliament.,His term of office is five years.,A,TRUSTED_SECONDARY,https://www.unlockias.in/cds-2021-i-general-knowledge,https://www.unlockias.in/cds-2021-i-general-knowledge/q79-one-statements-about-vice-president-india-correct,A,UnlockIAS_2026-10-08,"[""Indian Polity""]",,b65acd7b58ced6ff483125bc0777a603e6315f84d61069d721cfc154450d9385
CDS_2021_I_GK,CDS_I_2021_GK_080,CDS,2021,I,General Knowledge,80,A motion of no-confidence is moved against,an individual Minister.,the Council of Ministers.,the Prime Minister.,a political party.,B,TRUSTED_SECONDARY,https://www.unlockias.in/cds-2021-i-general-knowledge,https://www.unlockias.in/cds-2021-i-general-knowledge/q80-motion-confidence-moved-against,B,UnlockIAS_2026-10-08,"[""Indian Polity""]",,1f81fddd496530c697e4ad0d02c0e41f9da39d23f26fcde07656f979ec708031
CDS_2021_I_GK,CDS_I_2021_GK_081,CDS,2021,I,General Knowledge,81,Which one of the following is correct about ‘Pinaka’?,It is a multi-barrel rocket system.,It is a type of battle tank.,It is an advanced submarine.,It is an indigenously developed drone system.,A,TRUSTED_SECONDARY,https://www.unlockias.in/cds-2021-i-general-knowledge,https://www.unlockias.in/cds-2021-i-general-knowledge/q81-one-correct-about-pinaka,A,UnlockIAS_2026-10-08,"[""Science & Technology""]",,c9322732a1a45f413c1d8cdcdc2a14518698b83329195627c5b7f4997a9ceee9
CDS_2021_I_GK,CDS_I_2021_GK_082,CDS,2021,I,General Knowledge,82,Which one of the following is not a member of the Quad group of nations?,France,USA,Australia,Japan,A,TRUSTED_SECONDARY,https://www.unlockias.in/cds-2021-i-general-knowledge,https://www.unlockias.in/cds-2021-i-general-knowledge/q82-one-member-quad-group-nations,A,UnlockIAS_2026-10-08,"[""Current Affairs""]",,8310e57f767695214f97ae58ecec11d846d06c0047228182c38192abb45242dc
CDS_2021_I_GK,CDS_I_2021_GK_083,CDS,2021,I,General Knowledge,83,"The first phase of Exercise Malabar, 2020 was conducted at",Port Blair,Mumbai,Visakhapatnam,Kochi,C,TRUSTED_SECONDARY,https://www.unlockias.in/cds-2021-i-general-knowledge,https://www.unlockias.in/cds-2021-i-general-knowledge/q83-first-phase-exercise-malabar-2020-conducted,C,UnlockIAS_2026-10-08,"[""Defence & Security""]",,9042c3b4d16b028617887924edc4cc754ef7eaa018759b202841d29784fee149
CDS_2021_I_GK,CDS_I_2021_GK_084,CDS,2021,I,General Knowledge,84,"Hollywood actor Sir Sean Connery, who died recently, was popularly known for the portrayal of the role",Rocky,Captain Jack Sparrow,Terminator,James Bond,D,TRUSTED_SECONDARY,https://www.unlockias.in/cds-2021-i-general-knowledge,https://www.unlockias.in/cds-2021-i-general-knowledge/q84-hollywood-actor-sir-sean-connery-died-recently,D,UnlockIAS_2026-10-08,"[""Indian Economy""]",,8554946c26d23d59b5740d30ae5291673806ecc39d24a8c03c9a200cc2a4d949
CDS_2021_I_GK,CDS_I_2021_GK_085,CDS,2021,I,General Knowledge,85,The Luhri Hydro-Electric Power Project is being constructed on the river,Satluj,Beas,Ravi,Chenab,A,TRUSTED_SECONDARY,https://www.unlockias.in/cds-2021-i-general-knowledge,https://www.unlockias.in/cds-2021-i-general-knowledge/q85-luhri-hydro-electric-power-project-constructed-river,A,UnlockIAS_2026-10-08,"[""Science & Technology""]",,91a835066cbb5058c77ed08727c561fb81f384b8150cecfdcdccebdb8f7a1c3f
CDS_2021_I_GK,CDS_I_2021_GK_086,CDS,2021,I,General Knowledge,86,‘CARAT Bangladesh 2020’ was a joint naval exercise between Bangladesh and,India,USA,Japan,Thailand,B,TRUSTED_SECONDARY,https://www.unlockias.in/cds-2021-i-general-knowledge,https://www.unlockias.in/cds-2021-i-general-knowledge/q86-carat-bangladesh-2020-joint-naval-exercise-between,B,UnlockIAS_2026-10-08,"[""Defence & Security""]",,f9a1b713b034741c90a5f71b59d0cd433d79785470cfc583fbed0ab76c9eeefb
CDS_2021_I_GK,CDS_I_2021_GK_087,CDS,2021,I,General Knowledge,87,Peninsula Shield Force is a military arm of,Organization of Islamic Cooperation,Organization of the Petroleum Exporting Countries,Gulf Cooperation Council,Arab League,C,TRUSTED_SECONDARY,https://www.unlockias.in/cds-2021-i-general-knowledge,https://www.unlockias.in/cds-2021-i-general-knowledge/q87-peninsula-shield-force-military-arm,C,UnlockIAS_2026-10-08,"[""Defence & Security""]",,7ea58346889cd6ec5af8e4032adaea5cc18d6f219717c8cfbfe9355631ca83b0
CDS_2021_I_GK,CDS_I_2021_GK_088,CDS,2021,I,General Knowledge,88,Which one of the following ships was involved in ‘Mission Sagar – II’?,INS Shakti,INS Vikramaditya,INS Kesari,INS Airavat,D,TRUSTED_SECONDARY,https://www.unlockias.in/cds-2021-i-general-knowledge,https://www.unlockias.in/cds-2021-i-general-knowledge/q88-one-ships-involved-mission-sagar,D,UnlockIAS_2026-10-08,"[""Defence & Security""]",,32361cd1d45a34c83e746d5e8772d430d083d08b67fcfab3b82b1d65acbf6e44
CDS_2021_I_GK,CDS_I_2021_GK_089,CDS,2021,I,General Knowledge,89,In the year 2020 which one of the following tiger reserves of India was declared by UNESCO as a Biosphere Reserve?,Panna Tiger Reserve,Namdapha Tiger Reserve,Dudhwa Tiger Reserve,Pench Tiger Reserve,A,TRUSTED_SECONDARY,https://www.unlockias.in/cds-2021-i-general-knowledge,https://www.unlockias.in/cds-2021-i-general-knowledge/q89-year-2020-one-tiger-reserves-india-declared,A,UnlockIAS_2026-10-08,"[""Environment & Ecology""]",,f81c8ead95517f7b5add6ed9aa10d8b9d19f09bea6fed9d72e2f40282bafa7f0
CDS_2021_I_GK,CDS_I_2021_GK_090,CDS,2021,I,General Knowledge,90,"The Kaleshwaram Lift Irrigation System, which was in the news recently, is constructed in",Kerala,Gujarat,Telangana,Maharashtra,C,TRUSTED_SECONDARY,https://www.unlockias.in/cds-2021-i-general-knowledge,https://www.unlockias.in/cds-2021-i-general-knowledge/q90-kaleshwaram-lift-irrigation-system-news-recently-constructed,C,UnlockIAS_2026-10-08,"[""Indian Economy""]",,15cd8b75862c96baf0d92b141ac07df8680c68c7f20f144b48e03dd5855df66e
CDS_2021_I_GK,CDS_I_2021_GK_091,CDS,2021,I,General Knowledge,91,Cell wall is not present in cells of,Bacteria,Plants,Fungi,Humans,D,TRUSTED_SECONDARY,https://www.unlockias.in/cds-2021-i-general-knowledge,https://www.unlockias.in/cds-2021-i-general-knowledge/q91-cell-wall-present-cells,D,UnlockIAS_2026-10-08,"[""Science & Technology""]",,1f92842b671f0e81517311b97e31aab28203d42f6cce081db2de0918c133fbc3
CDS_2021_I_GK,CDS_I_2021_GK_092,CDS,2021,I,General Knowledge,92,A child receives a tall beautiful plant as a birthday gift from his father with a quiz. The father asked her how she would verify whether this tall plant was the progeny of both the tall parents or one tall and one short parent plant. She could verify this through,cross-pollination,self-pollination,tissue culture,negative propagation,B,TRUSTED_SECONDARY,https://www.unlockias.in/cds-2021-i-general-knowledge,https://www.unlockias.in/cds-2021-i-general-knowledge/q92-child-receives-tall-beautiful-plant-birthday-gift,B,UnlockIAS_2026-10-08,"[""Science & Technology""]",,d3b2fcd0bd3f9ff3285cfcd516d75312e92eed1c57161d89a4ca21452610b841
CDS_2021_I_GK,CDS_I_2021_GK_093,CDS,2021,I,General Knowledge,93,"A student was doing an experiment on increasing the cell division among plants. She asked her supervisor to suggest the specific plant hormone for the same. Had you been her supervisor, which plant hormone would you suggest?",Abscisic acid,Gibberellins,Cytokinin,Auxin,C,TRUSTED_SECONDARY,https://www.unlockias.in/cds-2021-i-general-knowledge,https://www.unlockias.in/cds-2021-i-general-knowledge/q93-student-doing-experiment-increasing-cell-division-among,C,UnlockIAS_2026-10-08,"[""Science & Technology""]",,d68b700ae66965bc3eb3cfa2cbb0feb6a8e4e51c27608f7b0b863fcb39b75dfe
CDS_2021_I_GK,CDS_I_2021_GK_094,CDS,2021,I,General Knowledge,94,Which cell organelles have their own DNA and Ribosomes?,Golgi body and Endoplasmic Reticulum,Mitochondria and Plastids,Lysosome and Golgi body,Vacuole and Plastids,B,TRUSTED_SECONDARY,https://www.unlockias.in/cds-2021-i-general-knowledge,https://www.unlockias.in/cds-2021-i-general-knowledge/q94-cell-organelles-own-dna-ribosomes,B,UnlockIAS_2026-10-08,"[""Science & Technology""]",,457d1dcd0d5aa0c2a70f0b1019a70022797e8e26a1a56a24d439df391923dbce
CDS_2021_I_GK,CDS_I_2021_GK_095,CDS,2021,I,General Knowledge,95,Osmosis is the process of movement of water molecules from its,higher concentration to its lower concentration through a cell wall.,lower concentration to its higher concentration through a fully permeable membrane.,higher concentration to its lower concentration through a fully permeable membrane.,higher concentration to its lower concentration through a semi-permeable membrane.,D,TRUSTED_SECONDARY,https://www.unlockias.in/cds-2021-i-general-knowledge,https://www.unlockias.in/cds-2021-i-general-knowledge/q95-osmosis-process-movement-water-molecules,D,UnlockIAS_2026-10-08,"[""Science & Technology""]",,849e06a3557151ba25a1b9dfbf84f483bc6fc8b42d67b9444e83fca71f999287
CDS_2021_I_GK,CDS_I_2021_GK_096,CDS,2021,I,General Knowledge,96,Growing of two or more crops simultaneously on the same field in a definite pattern is known as,mixed cropping,inter cropping,mixed farming,hybrid farming,B,TRUSTED_SECONDARY,https://www.unlockias.in/cds-2021-i-general-knowledge,https://www.unlockias.in/cds-2021-i-general-knowledge/q96-growing-two-more-crops-simultaneously-same-field,B,UnlockIAS_2026-10-08,"[""Geography""]",,495753b6beab0b3194273bda2da4303f47a08d962f9258c86cde1112a077aff8
CDS_2021_I_GK,CDS_I_2021_GK_097,CDS,2021,I,General Knowledge,97,"When we heat lead nitrate [Pb(NO₃)₂] in a boiling tube, we observe the emission of brown fumes. Which one of the following is the brown gas?",NO,N₂O₂,NO₃,NO₂,D,TRUSTED_SECONDARY,https://www.unlockias.in/cds-2021-i-general-knowledge,https://www.unlockias.in/cds-2021-i-general-knowledge/q97-heat-lead-nitrate-boiling-tube-observe-emission,D,UnlockIAS_2026-10-08,"[""Science & Technology""]",,3dfc98e82e86b7343bfa7ade6f0357bee1a758d32d8f5c92780a859f648b5ca2
CDS_2021_I_GK,CDS_I_2021_GK_098,CDS,2021,I,General Knowledge,98,"Which one of the following substances do silver articles react with, that makes the silver articles black?",Sulphur,Oxygen,Carbon dioxide,Phosphorus,A,TRUSTED_SECONDARY,https://www.unlockias.in/cds-2021-i-general-knowledge,https://www.unlockias.in/cds-2021-i-general-knowledge/q98-one-substances-silver-articles-react-makes-silver,A,UnlockIAS_2026-10-08,"[""Science & Technology""]",,39ae8bd82b08db1a85205895bcbabe821d33b9a0c205c8eb8c5a8f1947ed7bfd
CDS_2021_I_GK,CDS_I_2021_GK_099,CDS,2021,I,General Knowledge,99,Which one of the following metals is kept immersed in Kerosene oil to protect it and to prevent accidental fire?,Calcium,Sodium,Vanadium,Magnesium,B,TRUSTED_SECONDARY,https://www.unlockias.in/cds-2021-i-general-knowledge,https://www.unlockias.in/cds-2021-i-general-knowledge/q99-one-metals-kept-immersed-kerosene-oil-protect,B,UnlockIAS_2026-10-08,"[""Science & Technology""]",,60572bef77f41ea269815c5b50eeac47a8a2e614bf2a19d89469585601daac4e
CDS_2021_I_GK,CDS_I_2021_GK_100,CDS,2021,I,General Knowledge,100,"A solution contains 20 g of solute in 180 g of solvent. If the solvent is water, what is the concentration of the solution in terms of mass by mass percentage?",11.1%,22.2%,10%,20%,C,TRUSTED_SECONDARY,https://www.unlockias.in/cds-2021-i-general-knowledge,https://www.unlockias.in/cds-2021-i-general-knowledge/q100-solution-contains-solute-180-solvent-solvent-water,C,UnlockIAS_2026-10-08,"[""Science & Technology""]",,7cf0a4909588b43319835afab78bfcefe898c4c1efd4a89822d61667e7126fed
CDS_2021_I_GK,CDS_I_2021_GK_101,CDS,2021,I,General Knowledge,101,Which one of the following elements is a non-metal but is lustrous?,Carbon,Silicon,Germanium,Iodine,D,TRUSTED_SECONDARY,https://www.unlockias.in/cds-2021-i-general-knowledge,https://www.unlockias.in/cds-2021-i-general-knowledge/q101-one-elements-non-metal-but-lustrous,D,UnlockIAS_2026-10-08,"[""Environment & Ecology""]",,01a71a2778072ac7e51d9843b9032d84c07c811fcfe39eb3e1a938fc825ce70a
CDS_2021_I_GK,CDS_I_2021_GK_102,CDS,2021,I,General Knowledge,102,Which one of the following metals has both malleability and ductility properties?,Na,Au,Ce,Hg,B,TRUSTED_SECONDARY,https://www.unlockias.in/cds-2021-i-general-knowledge,https://www.unlockias.in/cds-2021-i-general-knowledge/q102-one-metals-both-malleability-ductility-properties,B,UnlockIAS_2026-10-08,"[""General Science""]",,10fa99dc679fedd03a4975faa94e6915e7675373490a0a9be5e0232dbfc611fb
CDS_2021_I_GK,CDS_I_2021_GK_103,CDS,2021,I,General Knowledge,103,We are given three copper wires of different lengths and different areas of cross-section. Which one of the following would have highest resistivity?,Copper wire of 50 cm length and 1 mm diameter,Copper wire of 25 cm length and 0·5 mm diameter,Copper wire of 10 cm length and 2·0 mm diameter,All the wires would have same resistivity,D,TRUSTED_SECONDARY,https://www.unlockias.in/cds-2021-i-general-knowledge,https://www.unlockias.in/cds-2021-i-general-knowledge/q103-three-copper-wires-different-lengths-different-areas,D,UnlockIAS_2026-10-08,"[""Science & Technology""]",,8938c790eef3e44b3c38ef5ab89656cdbb91eab00eda7ac1f5dd0c774d5c0555
CDS_2021_I_GK,CDS_I_2021_GK_104,CDS,2021,I,General Knowledge,104,Which of the following statements about ‘fission’ is correct? 1. It is related with the creation of new individuals by means of cell division in unicellular organism. 2. It is related with the transformation of heavier nuclei into smaller nuclei. 3. It is related with the creation of a heavier nuclei by means of combining two higher nuclei. Select the correct answer using the code given below:,1 only,2 only,1 and 2 only,1 and 3 only,C,TRUSTED_SECONDARY,https://www.unlockias.in/cds-2021-i-general-knowledge,https://www.unlockias.in/cds-2021-i-general-knowledge/q104-statements-about-fission-correct-related-creation-new,C,UnlockIAS_2026-10-08,"[""Science & Technology""]",,84280c7583c939a2bb6238ca72bfb0c7fd42275dcce4f4219f3a7a3d036cc629
CDS_2021_I_GK,CDS_I_2021_GK_105,CDS,2021,I,General Knowledge,105,Which one of the following is an electric conductor?,A plastic sheet,Distilled water,Human body,A wooden thin sheet,C,TRUSTED_SECONDARY,https://www.unlockias.in/cds-2021-i-general-knowledge,https://www.unlockias.in/cds-2021-i-general-knowledge/q105-one-electric-conductor,C,UnlockIAS_2026-10-08,"[""Science & Technology""]",,0f7438e0a690f7d00605ec641952869e304584b413ad36bf2bb3a0fb20566bfd
CDS_2021_I_GK,CDS_I_2021_GK_106,CDS,2021,I,General Knowledge,106,A non-spherical shining spoon can generally be considered as a,Spherical mirror,Parabolic mirror,Plane mirror,Lens,B,TRUSTED_SECONDARY,https://www.unlockias.in/cds-2021-i-general-knowledge,https://www.unlockias.in/cds-2021-i-general-knowledge/q106-non-spherical-shining-spoon-generally-considered,B,UnlockIAS_2026-10-08,"[""Science & Technology""]",,68a6d4535b5d57733f8967801deb71bfc08b378f184dd2120aabaef79a79b666
CDS_2021_I_GK,CDS_I_2021_GK_107,CDS,2021,I,General Knowledge,107,Who amongst the following is a pioneer in discovering the heating effect of electric current?,Isaac Newton,Galileo Galilei,James P. Joule,J.J. Thomson,C,TRUSTED_SECONDARY,https://www.unlockias.in/cds-2021-i-general-knowledge,https://www.unlockias.in/cds-2021-i-general-knowledge/q107-amongst-pioneer-discovering-heating-effect-electric-current,C,UnlockIAS_2026-10-08,"[""Science & Technology""]",,3371033cf8e3dc963a8262812d180889f6799d276836cdb062924905288a3f4f
CDS_2021_I_GK,CDS_I_2021_GK_108,CDS,2021,I,General Knowledge,108,Which one of the following laws of electromagnetism does not give the direction of magnetic field?,Right-hand thumb rule,Fleming's left-hand rule,Fleming's right-hand rule,Faraday's law of electromagnetic induction,D,TRUSTED_SECONDARY,https://www.unlockias.in/cds-2021-i-general-knowledge,https://www.unlockias.in/cds-2021-i-general-knowledge/q108-one-laws-electromagnetism-give-direction-magnetic-field,D,UnlockIAS_2026-10-08,"[""Science & Technology""]",,5b782f7a32d48d21be72efdd6e894fe92fb50989a8a2b5d09f848d0d8cc633af
CDS_2021_I_GK,CDS_I_2021_GK_109,CDS,2021,I,General Knowledge,109,An antibiotic is not useful against a virus whereas a vaccine is. Which one of the following is the most appropriate reason for this?,"An antibiotic can break RNA only, whereas virus has DNA.","An antibiotic is a carbohydrate in its chemical nature, whereas a vaccine is a protein which works well to kill a virus.",Only a vaccine can break the genetic material of a virus.,A virus does not use biochemical pathways which can be blocked by an antibiotic. But a vaccine can boost an immune system to fight the virus.,D,TRUSTED_SECONDARY,https://www.unlockias.in/cds-2021-i-general-knowledge,https://www.unlockias.in/cds-2021-i-general-knowledge/q109-antibiotic-useful-against-virus-whereas-vaccine-one,D,UnlockIAS_2026-10-08,"[""Science & Technology""]",,ae084fde89d8f47f9452fbbdff77a0a65285f8d2e0904264e0bc529a03ef46f2
CDS_2021_I_GK,CDS_I_2021_GK_110,CDS,2021,I,General Knowledge,110,'Sleeping sickness' is caused by,Trypanosoma,Leishmania,Plasmodium,Paramecium,A,TRUSTED_SECONDARY,https://www.unlockias.in/cds-2021-i-general-knowledge,https://www.unlockias.in/cds-2021-i-general-knowledge/q110-sleeping-sickness-caused,A,UnlockIAS_2026-10-08,"[""Science & Technology""]",,c67d71a00d6b9c470779ceb0dc9550b2f47e3374f8697aaf26e555bbd252bcd4
CDS_2021_I_GK,CDS_I_2021_GK_111,CDS,2021,I,General Knowledge,111,Which one among the following is a free living animal?,Liver fluke,Wuchereria,Plasmodium,Planaria,D,TRUSTED_SECONDARY,https://www.unlockias.in/cds-2021-i-general-knowledge,https://www.unlockias.in/cds-2021-i-general-knowledge/q111-one-among-free-living-animal,D,UnlockIAS_2026-10-08,"[""Science & Technology""]",,24831855171f934a0ffd3f1f04202ec00710c1bdd7285f13e9cdb18bcb229181
CDS_2021_I_GK,CDS_I_2021_GK_112,CDS,2021,I,General Knowledge,112,Which one of the following is the structure of a cardiac muscle cell?,"Cylindrical, Unbranched and Multinucleate","Spinal shaped, Unbranched and Uninucleate","Spinal shaped, Branched and Uninucleate","Cylindrical, Branched and Uninucleate",D,TRUSTED_SECONDARY,https://www.unlockias.in/cds-2021-i-general-knowledge,https://www.unlockias.in/cds-2021-i-general-knowledge/q112-one-structure-cardiac-muscle-cell,D,UnlockIAS_2026-10-08,"[""Science & Technology""]",,5ada53ac59b20a4c2f4fbbd0845d6b0bef16ea35a53469f3f9c65d47e65bef19
CDS_2021_I_GK,CDS_I_2021_GK_113,CDS,2021,I,General Knowledge,113,Which one of the following naturally occurring acids is found in abundance in tomato?,Acetic acid,Citric acid,Oxalic acid,Tartaric acid,C,TRUSTED_SECONDARY,https://www.unlockias.in/cds-2021-i-general-knowledge,https://www.unlockias.in/cds-2021-i-general-knowledge/q113-one-naturally-occurring-acids-found-abundance-tomato,C,UnlockIAS_2026-10-08,"[""Science & Technology""]",,edc256b80f3a44cc94c751d3b703322335aa53fc3b94ec2fa99f433deca92bce
CDS_2021_I_GK,CDS_I_2021_GK_114,CDS,2021,I,General Knowledge,114,Which one of the following is used in soda-acid fire extinguishers?,Sodium chloride,Sodium hydrogen carbonate,Calcium hydroxide,Acetic acid,B,TRUSTED_SECONDARY,https://www.unlockias.in/cds-2021-i-general-knowledge,https://www.unlockias.in/cds-2021-i-general-knowledge/q114-one-soda-acid-fire-extinguishers,B,UnlockIAS_2026-10-08,"[""Science & Technology""]",,d8a615ca70674c7176b47ce4cd045310345068e0f4f6a593f83eed91d564db92
CDS_2021_I_GK,CDS_I_2021_GK_115,CDS,2021,I,General Knowledge,115,Which one of the following sodium compounds is used for softening hard water?,Na2CO3,NaHCO3,NaOH,Na2SO4,A,TRUSTED_SECONDARY,https://www.unlockias.in/cds-2021-i-general-knowledge,https://www.unlockias.in/cds-2021-i-general-knowledge/q115-one-sodium-compounds-softening-hard-water,A,UnlockIAS_2026-10-08,"[""General Science""]",,9e39863004672a68e746063e0b551e46406a0c8550334faada24500b63a1334b
CDS_2021_I_GK,CDS_I_2021_GK_116,CDS,2021,I,General Knowledge,116,Calcium oxide reacts vigorously with water to produce slaked lime whose solution is used for white-washing walls. This slaked lime reacts with component (A) in air to form a thin layer of component (B) to give a shiny finish. What are the components (A) and (B)?,A – O2 ; B – CaCO3,A – CO2 ; B – Ca(OH)2,A – O2 ; B – Ca(OH)2,A – CO2 ; B – CaCO3,D,TRUSTED_SECONDARY,https://www.unlockias.in/cds-2021-i-general-knowledge,https://www.unlockias.in/cds-2021-i-general-knowledge/q116-calcium-oxide-reacts-vigorously-water-produce-slaked,D,UnlockIAS_2026-10-08,"[""Environment & Ecology""]",,4a23a4ce7d4a0922798d5add253077f4cbf15efae5a71c45f6f839a94b8c44f2
CDS_2021_I_GK,CDS_I_2021_GK_117,CDS,2021,I,General Knowledge,117,How many internal reflections of light take place in the formation of primary rainbow?,0,1,2,More than 2,B,TRUSTED_SECONDARY,https://www.unlockias.in/cds-2021-i-general-knowledge,https://www.unlockias.in/cds-2021-i-general-knowledge/q117-many-internal-reflections-light-take-place-formation,B,UnlockIAS_2026-10-08,[],,a8ac93c685e53c63a4736fd447c16a117f09cd9918a1a6bd9830863dd5d64ab9
CDS_2021_I_GK,CDS_I_2021_GK_118,CDS,2021,I,General Knowledge,118,The direction of acceleration in uniform circular motion is along the,direction of motion.,tangent to the circle at the point of observation.,direction of velocity.,direction perpendicular to velocity.,D,TRUSTED_SECONDARY,https://www.unlockias.in/cds-2021-i-general-knowledge,https://www.unlockias.in/cds-2021-i-general-knowledge/q118-direction-acceleration-uniform-circular-motion-along,D,UnlockIAS_2026-10-08,"[""Science & Technology""]",,fc2df0249981840ec1d8681c0beef088cf49550b6eb82d2571e4dd2eb5c4f493
CDS_2021_I_GK,CDS_I_2021_GK_119,CDS,2021,I,General Knowledge,119,The weight of an object is due to,the net force acting on it.,the total of all forces acting on it irrespective of their directions.,the force that it exerts on the ground.,its inert property.,C,TRUSTED_SECONDARY,https://www.unlockias.in/cds-2021-i-general-knowledge,https://www.unlockias.in/cds-2021-i-general-knowledge/q119-weight-object-due,C,UnlockIAS_2026-10-08,"[""Science & Technology""]",,bb2a8f938097fe5b6466b3669dfc89335794c23e260f2f21a3b2f65f46abcb94
CDS_2021_I_GK,CDS_I_2021_GK_120,CDS,2021,I,General Knowledge,120,The size of particles being studied in 'nano-technology' is about,1 Å – 10 nm,1 – 100 nm,1 – 50 μ,1 mm – 10 mm,B,TRUSTED_SECONDARY,https://www.unlockias.in/cds-2021-i-general-knowledge,https://www.unlockias.in/cds-2021-i-general-knowledge/q120-size-particles-studied-nano-technology-about,B,UnlockIAS_2026-10-08,"[""Science & Technology""]",,683ec9290deac62555975b7d31ff426216468a1e30b1f1f88a8cfca1913e9fb9
